case_id,prototype_id,backbone_variant,density_level,replicate,shared_success_budget_count,shared_success_budgets,median_difference_parallel_cotravel_total,local_median_parallel_cotravel_total,ours_median_parallel_cotravel_total,median_difference_parallel_cotravel_peak,local_median_parallel_cotravel_peak,ours_median_parallel_cotravel_peak
C001,proto_sw_1_1,expanded,simple,1,2,1;2,-0.0032824153394096396,0.006157661824919354,0.002875246485509714,-0.002622798869278245,0.004755799205328165,0.0021330003360499196
C002,proto_sw_1_1,expanded,simple,2,2,1;2,0.0008796873683470752,0.005273334979736333,0.006153022348083409,0.0007603706479595454,0.004332340786149637,0.005092711434109182
C003,proto_sw_1_1,expanded,medium,1,2,1;2,-0.16934171803966575,0.17177134363144658,0.00242962559178085,-0.12898451061711674,0.130543982290511,0.0015594716733942434
C004,proto_sw_1_1,expanded,medium,2,2,1;2,0.00107819112029712,0.007460510509508757,0.008538701629805877,0.0006670476983575229,0.0054522746735958805,0.006119322371953404
C005,proto_sw_1_1,expanded,rich,1,2,1;2,-0.055249278163039324,0.08667523245360251,0.03142595429056319,-0.05520977880248849,0.08571840900304874,0.030508630200560247
C006,proto_sw_1_1,expanded,rich,2,1,1,-0.01781747805186893,0.019357824526995807,0.0015403464751268753,-0.010300589718431456,0.011061139861520445,0.000760550143088989
C007,proto_sw_1_1,compact,simple,1,2,1;2,0.00033913762571506775,0.00023891430483051574,0.0005780519305455835,0.0001908713696984026,0.00022445385599196546,0.00041532522569036806
C008,proto_sw_1_1,compact,simple,2,2,1;2,-0.010276852601531355,0.018365219669911805,0.00808836706838045,-0.006817912108586432,0.012619590057511725,0.005801677948925291
C009,proto_sw_1_1,compact,medium,1,4,1;2;3;4,-0.2155047397893894,0.23602683078389639,0.002950357177516936,-0.18275496087833534,0.1997801504031709,0.001231688114814508
C010,proto_sw_1_1,compact,medium,2,4,1;2;3;4,-0.4198717931903896,0.4269645365424921,0.005388627507370759,-0.3069944738173095,0.3110222617379876,0.0031018893141194644
C011,proto_sw_1_1,compact,rich,1,2,1;2,-0.017470919574297104,0.023376679108053605,0.005905759533756497,-0.01700504058003867,0.021592260777982576,0.004587220197943908
C012,proto_sw_1_1,compact,rich,2,4,1;2;3;4,-0.04405547836044976,0.06611605755345687,0.02013781199721457,-0.03296661900836084,0.040947871529533476,0.00733179632241875
C013,proto_sw_1_1,swept,simple,1,2,1;2,-0.005689650684530093,0.007373526286117654,0.00168387560158756,-0.005867206909661178,0.006690219297155168,0.0008230123874939904
C014,proto_sw_1_1,swept,simple,2,2,1;2,0.0010227198092619548,0.002892138600310174,0.003914858409572128,0.001096733149281205,0.001761615972796552,0.002858349122077757
C015,proto_sw_1_1,swept,medium,1,4,1;2;3;4,-0.13378268435380164,0.14387475210137035,0.00955980012872357,-0.1305070551200177,0.13426965604843302,0.0037626009284153195
C016,proto_sw_1_1,swept,medium,2,4,1;2;3;4,0.0022075432953211818,0.002106709534559893,0.006526652467707178,0.0019399241564405391,0.0016795600461948102,0.005618678058692067
C017,proto_sw_1_1,swept,rich,1,2,1;2,-0.060677025072505913,0.07562010090319496,0.014943075830689052,-0.029248107019022168,0.03907778952090086,0.009829682501878689
C018,proto_sw_1_1,swept,rich,2,4,1;2;3;4,-0.0996952033513728,0.1094803468605323,0.009655236779996053,-0.0676454029944626,0.0751925144088922,0.007547111414429586
C019,proto_sw_1_3,expanded,simple,1,2,1;2,-0.0074670353026686865,0.009529684744839327,0.002062649442170641,-0.005638194885220368,0.006510630850741342,0.000872435965520973
C020,proto_sw_1_3,expanded,simple,2,2,1;2,-0.014375667514504639,0.020277709667476673,0.005902042152972034,-0.012879270666566859,0.017862941141536064,0.004983670474969205
C021,proto_sw_1_3,expanded,medium,1,1,1,-0.012587498114054263,0.01598848368727231,0.003400985573218046,-0.013062811903166284,0.015389521125713207,0.0023267092225469238
C022,proto_sw_1_3,expanded,medium,2,4,1;2;3;4,-0.056952877013151174,0.08251703387861097,0.025564156865459795,-0.03575345656974653,0.053786644838119554,0.01758865031722543
C023,proto_sw_1_3,expanded,rich,1,3,1;2;3,-0.0031030075803571257,0.005105587732905336,0.0020025801525482105,-0.002006295168275031,0.003295447728005324,0.001289152559730293
C024,proto_sw_1_3,expanded,rich,2,4,1;2;3;4,-0.2918401122647027,0.3264566852725051,0.021675658458119067,-0.15014816494567537,0.16785294393093161,0.015326401357520537
C025,proto_sw_1_3,compact,simple,1,2,1;2,-0.013955710068973774,0.01495091012453989,0.000995200055566116,-0.01127617000887465,0.012053313179523508,0.0007771431706488595
C026,proto_sw_1_3,compact,simple,2,2,1;2,-0.16640109070025588,0.1683688859930263,0.0019677952927704373,-0.16412377569926567,0.16560560557682596,0.0014818298775603079
C027,proto_sw_1_3,compact,medium,1,3,1;2;3,-0.01020581258463539,0.010681563935119417,0.0004757513504840274,-0.003989637375804843,0.004308933742167423,0.00031929636636258057
C028,proto_sw_1_3,compact,medium,2,2,1;2,-0.0290664453730482,0.03219368645906751,0.0031272410860193143,-0.029009787416856836,0.03138085499869184,0.0023710675818349996
C029,proto_sw_1_3,compact,rich,1,3,1;2;3,-0.2809771569637051,0.29128529636313116,0.0015573368234969417,-0.2750648530164032,0.28383869464261974,0.0006625780131036548
C030,proto_sw_1_3,compact,rich,2,1,1,-0.010188437249276455,0.013188539782588793,0.0030001025333123376,-0.011538507715826892,0.013039324318218226,0.0015008166023913333
C031,proto_sw_1_3,swept,simple,1,2,1;2,-0.010886544770710532,0.014746698682696412,0.0038601539119858816,-0.006062137837050137,0.009432060078556502,0.0033699222415063657
C032,proto_sw_1_3,swept,simple,2,2,1;2,0.004387862601868052,0.0033526512366371768,0.007740513838505229,0.0036089264939251587,0.0017637198345190374,0.005372646328444196
C033,proto_sw_1_3,swept,medium,1,1,1,-0.0020292304512115784,0.005421228225150063,0.0033919977739384844,-0.0016824846292843075,0.005049537643842674,0.0033670530145583667
C034,proto_sw_1_3,swept,medium,2,1,1,-0.0009522980177627861,0.0025441354062091717,0.0015918373884463855,-0.001423364556671358,0.002423867299866347,0.0010005027431949892
C035,proto_sw_1_3,swept,rich,1,3,1;2;3,-0.0008138219800001513,0.0026250128779145227,0.0018111908979143714,-0.0009839808600518984,0.0015338926797987377,0.0005499118197468392
C036,proto_sw_1_3,swept,rich,2,1,1,-0.03309998562861419,0.033316508884217215,0.0002165232556030247,-0.030609937472747047,0.030743208640565,0.0001332711678179545
C037,proto_sw_2_3,expanded,simple,1,4,1;2;3;4,-0.04434008287699884,0.08673327397998928,0.026506205577229172,-0.021295776745199994,0.04150147104415486,0.02020569429895486
C038,proto_sw_2_3,expanded,simple,2,4,1;2;3;4,-0.35348568961812893,0.3857503937094364,0.03226470409130747,-0.2997203663877149,0.3153877142058912,0.015287509868699391
C039,proto_sw_2_3,expanded,medium,1,1,1,-0.1939025178805493,0.20592268004393205,0.012020162163382756,-0.10869294411051683,0.11580801548072882,0.007115071370211989
C040,proto_sw_2_3,expanded,medium,2,1,1,-0.12216361107421599,0.12855091634684088,0.006387305272624887,-0.10955214059203704,0.11498264018790882,0.005430499595871785
C041,proto_sw_2_3,expanded,rich,1,6,1;2;3;4;5;6,-0.43286126455801033,0.506942337668276,0.06475163618705662,-0.19566305361743852,0.22975136919389236,0.026253947078831046
C042,proto_sw_2_3,expanded,rich,2,3,1;2;3,-0.06314512450007687,0.1296391325073316,0.06649400800725475,-0.06714182557553347,0.09427650482282357,0.027134679247290096
C043,proto_sw_2_3,compact,simple,1,1,1,-0.4817735218716853,0.4822387111938802,0.0004651893221948636,-0.32821052040254656,0.3286299560361786,0.0004194356336320671
C044,proto_sw_2_3,compact,simple,2,4,1;2;3;4,-0.568477713674273,0.6042198735210964,0.03574215984682329,-0.3520020171144348,0.37242999365820734,0.01486444992742061
C045,proto_sw_2_3,compact,medium,1,3,1;2;3,-0.7000868350268119,0.725478782026132,0.02539194699932007,-0.3754475364721275,0.38907551077823066,0.013627974306103185
C046,proto_sw_2_3,compact,medium,2,2,1;2,-0.06450257272153406,0.07017786290582506,0.005675290184290985,-0.05133226143926706,0.05510901891288819,0.003776757473621128
C047,proto_sw_2_3,compact,rich,1,4,1;2;3;4,-0.2900153849508791,0.3165251892885458,0.02771455036064344,-0.2408711442537001,0.25328804793515397,0.011500324948620418
C048,proto_sw_2_3,compact,rich,2,3,1;2;3,-0.1556178940488293,0.17908808346360788,0.023470189414778568,-0.11533787569986273,0.1250679845391736,0.009730108839310853
C049,proto_sw_2_3,swept,simple,1,3,1;2;3,-0.3480232339241864,0.3670635130270114,0.03947624091951162,-0.31668505813717707,0.34908600814213164,0.03240095000495459
C050,proto_sw_2_3,swept,simple,2,3,1;2;3,-0.008575356876025134,0.03525248416925725,0.026677127293232114,-0.005130407707952067,0.020226693082574566,0.01135934262189313
C051,proto_sw_2_3,swept,medium,1,2,1;2,0.00017521131278362733,0.006582575775988381,0.006757787088772008,-0.0009489037551619814,0.0050315233966859085,0.004082619641523927
C052,proto_sw_2_3,swept,medium,2,3,1;2;3,5.5191640625461974e-05,0.009631862849583462,0.011621625825558783,-0.0018900965703452424,0.005975301074444539,0.005339042619296221
C053,proto_sw_2_3,swept,rich,1,3,1;2;3,-0.05500679331544351,0.08877646731796124,0.03376967400251773,-0.045294207362025926,0.048794445023926845,0.01995159685783444
C054,proto_sw_2_3,swept,rich,2,3,1;2;3,-0.44401817537597266,0.4606544220073348,0.016636246631362154,-0.28262357778341873,0.29465801911128486,0.012034441327866153
C055,proto_sw_3_1,expanded,simple,1,2,1;2,-0.11323828213954834,0.11781786190587301,0.004579579766324654,-0.06566955323312806,0.06872837760395507,0.0030588243708270114
C056,proto_sw_3_1,expanded,simple,2,2,1;2,-0.06411185276531316,0.07820125136150576,0.014089398596192609,-0.036618586400349165,0.04802205392801848,0.011403467527669308
C057,proto_sw_3_1,expanded,medium,1,2,1;2,0.00044046006020987804,0.00900577319349,0.009446233253699877,-0.000548524098247548,0.008451893322162724,0.007903369223915175
C058,proto_sw_3_1,expanded,medium,2,2,1;2,-0.11882765743078343,0.12885150375094861,0.01002384632016521,-0.06216683952351587,0.07132467897431731,0.009157839450801439
C059,proto_sw_3_1,expanded,rich,1,4,1;2;3;4,-0.04627591990954148,0.07963804208144623,0.020386455352519157,-0.011911699323553326,0.023664441071969165,0.008503813237781628
C060,proto_sw_3_1,expanded,rich,2,2,1;2,-0.08443306963629013,0.11038336211167941,0.025950292475389283,-0.06904957919455415,0.08672353158579016,0.017673952391236012
C061,proto_sw_3_1,compact,simple,1,2,1;2,-0.10546261436870741,0.13604394147038318,0.03058132710167575,-0.11488560958845374,0.1326096499574567,0.01772404036900296
C062,proto_sw_3_1,compact,simple,2,4,1;2;3;4,-0.06797393064688861,0.08719595554796025,0.019937768410790233,-0.01859450328178898,0.031221304139017192,0.011959303087926748
C063,proto_sw_3_1,compact,medium,1,2,1;2,0.011254775175357851,0.012922042613505744,0.024176817788863596,0.002227748375363809,0.007124519850843248,0.009352268226207057
C064,proto_sw_3_1,compact,medium,2,2,1;2,0.012057230159963274,0.001016124830778366,0.01307335499074164,0.007687343149135769,0.00045539906826129825,0.008142742217397067
C065,proto_sw_3_1,compact,rich,1,4,1;2;3;4,-0.3065804274881987,0.3396327521235214,0.03305232463532266,-0.14803495837836328,0.17215702072089664,0.013632465250061825
C066,proto_sw_3_1,compact,rich,2,3,1;2;3,-0.22868954903023767,0.24976063529680997,0.021071086266572316,-0.20789927305684655,0.22778990531843538,0.019890632261588836
C067,proto_sw_3_1,swept,simple,1,2,1;2,-0.17532438154464752,0.20493212778072098,0.029607746236073436,-0.17018626649881025,0.1811202877343168,0.010934021235506573
C068,proto_sw_3_1,swept,simple,2,4,1;2;3;4,-0.014596956460595823,0.03431455253151406,0.016710411375422826,-0.0032436521130315933,0.01820076161250041,0.014957109499468818
C069,proto_sw_3_1,swept,medium,1,3,1;2;3,-0.004171481610115981,0.0326493464958116,0.03800715634642684,-0.001005261090468554,0.013251722141486488,0.021474773870779024
C070,proto_sw_3_1,swept,medium,2,4,1;2;3;4,-0.1074309370660804,0.15508813352239678,0.047657196456316386,-0.04904992540082044,0.0647522403360205,0.01570231493520007
C071,proto_sw_3_1,swept,rich,1,4,1;2;3;4,-0.32779831841642704,0.40309435905601365,0.061976440890761916,-0.15017977332471125,0.18237805090930714,0.02841116190150978
C072,proto_sw_3_1,swept,rich,2,4,1;2;3;4,-0.10820265774554662,0.12314202580849075,0.014939368062944137,-0.05557462010072854,0.061950896196971306,0.006376276096242762
C073,proto_sw_3_2,expanded,simple,1,3,1;2;3,-0.03401903553676308,0.1192683893460744,0.02161719450051324,-0.016178771739263232,0.05394032689854705,0.010882223426540452
C074,proto_sw_3_2,expanded,simple,2,4,1;2;3;4,-0.3271842722271721,0.38520100925816425,0.062308116334957225,-0.22220457659074766,0.2664774103299982,0.04613454921178379
C075,proto_sw_3_2,expanded,medium,1,2,1;2,0.02136853710425518,0.0837621560479537,0.10513069315220888,-0.042619817854105915,0.07979301076317258,0.03717319290906666
C076,proto_sw_3_2,expanded,medium,2,3,1;2;3,-0.0939842610253147,0.16063057454284355,0.06664631351752885,-0.08844870392352877,0.11209923241312099,0.023020929393991123
C077,proto_sw_3_2,expanded,rich,1,2,1;2,-0.28140538469116877,0.30414817896317137,0.02274279427200258,-0.24991349147860975,0.26080328373954015,0.010889792260930406
C078,proto_sw_3_2,expanded,rich,2,1,1,-0.31132009879959316,0.34332648966813556,0.03200639086854241,-0.13005260523212003,0.16148535913475948,0.03143275390263943
C079,proto_sw_3_2,compact,simple,1,3,1;2;3,-0.0996213767338085,0.14040362065287695,0.01722022246577539,-0.05968280786783402,0.08433144606984437,0.006967310459997415
C080,proto_sw_3_2,compact,simple,2,1,1,-0.2814881513951248,0.28219973046082225,0.0007115790656974756,-0.25838780876924833,0.25893670649082173,0.0005488977215733997
C081,proto_sw_3_2,compact,medium,1,2,1;2,0.03638892907719564,0.003482628169465345,0.039871557246660985,0.027739292069827445,0.0022342218074201505,0.029973513877247594
C082,proto_sw_3_2,compact,medium,2,1,1,-0.13376635558757372,0.13441336382800345,0.0006470082404297303,-0.1086626857004773,0.10926850331785226,0.0006058176173749699
C083,proto_sw_3_2,compact,rich,1,2,1;2,-0.07273274534155615,0.08310550035490043,0.01037275501334427,-0.05168259192352631,0.05467134621998844,0.002988754296462122
C084,proto_sw_3_2,compact,rich,2,1,1,-0.06021348799922898,0.0967385123565733,0.03652502435734432,-0.04829749480537539,0.0739956290340838,0.025698134228708414
C085,proto_sw_3_2,swept,simple,1,3,1;2;3,-0.14256696627159768,0.21668698164014336,0.008521117018099801,-0.06536269445268263,0.12810563976917114,0.0025644387152074606
C086,proto_sw_3_2,swept,simple,2,3,1;2;3,-0.46809542745455723,0.4727671913449609,0.0046717638904036915,-0.15297823500466295,0.24891861916378097,0.0027282995656201063
C087,proto_sw_3_2,swept,medium,1,3,1;2;3,0.0176467464801053,0.015142366534160484,0.03496665065058868,0.011479488035084945,0.011478337012514703,0.022957825047599648
C088,proto_sw_3_2,swept,medium,2,2,1;2,-0.3126465416261023,0.3274303182180546,0.014783776591952315,-0.24043179226525513,0.2467166922266508,0.006284899961395661
C089,proto_sw_3_2,swept,rich,1,4,1;2;3;4,-0.4522457364836106,0.6311982679593688,0.17895253147575824,-0.36233187733150835,0.47340250934074346,0.09686968854171679
C090,proto_sw_3_2,swept,rich,2,4,1;2;3;4,-0.2367837283192145,0.28817102284084317,0.07321558879556134,-0.11632174368822432,0.13778856750151214,0.02146682381328783
