context_id,prototype_id,backbone_variant,replicate,production_seed,backbone_seed,flower_seed,branch_seed,unit_seed,density_level,candidate_pool_count,l1_conflict_edge_count,old_selection_success,h2_selection_success,old_error,h2_error,old_runtime_seconds,h2_runtime_seconds,target_quantile,target_resource_score,old_selected_L1_count,h2_selected_L1_count,old_ordinary_l1_count,h2_ordinary_l1_count,old_total_planning_length,h2_total_planning_length,old_mean_backbone_excursion,h2_mean_backbone_excursion,old_mean_vertical_span,h2_mean_vertical_span,old_composite_resource_score,h2_composite_resource_score,old_structural_score,h2_structural_score,old_root_distribution,h2_root_distribution,old_root_coverage,h2_root_coverage,old_minimum_root_spacing_actual,h2_minimum_root_spacing_actual,old_minimum_lane_clearance,h2_minimum_lane_clearance,old_curve_crossing_count,h2_curve_crossing_count,old_periodic_crossing_count,h2_periodic_crossing_count,old_flower_reserve_intrusion_count,h2_flower_reserve_intrusion_count,old_absolute_density_target_error,h2_absolute_density_target_error,old_render_file,h2_render_file
proto_sw_1_1__expanded__r1,proto_sw_1_1,expanded,1,100006,4136082249,2786223796,4182263884,3924115413,simple,159,3246,True,True,,,2.797984799995902,2.7231944000013755,0.2,0.233018704,4,4,4.0,4.0,0.908326436,0.908326436,0.15728782,0.15728782,0.16025200299999998,0.16025200299999998,0.22237762902211022,0.22237762902211022,4.470895945153034,4.470895945153034,"[0.057176972, 0.178389094, 0.360207275, 0.875358791]","[0.057176972, 0.178389094, 0.360207275, 0.875358791]",0.818181819,0.818181819,0.07500000000000007,0.07500000000000007,0.16611932313076722,0.16611932313076722,0,0,0,0,0,0,0.01064107497788977,0.01064107497788977,raw_contexts/proto_sw_1_1__expanded__r1/old_simple.png,raw_contexts/proto_sw_1_1__expanded__r1/h2_simple.png
proto_sw_1_1__expanded__r1,proto_sw_1_1,expanded,1,100006,4136082249,2786223796,4182263884,3924115413,medium,159,3246,True,True,,,2.7238219999999274,2.7038243999995757,0.5,0.412702359,5,5,5.0,5.0,1.036885069,1.036885069,0.1310893394,0.1310893394,0.133046212,0.133046212,0.38790003165211434,0.38790003165211434,4.370944313382101,4.370944313382101,"[0.057176972, 0.208692124, 0.360207275, 0.451116366, 0.905661821]","[0.057176972, 0.208692124, 0.360207275, 0.451116366, 0.905661821]",0.848484848,0.848484848,0.07500000000000007,0.07500000000000007,0.12419051683163207,0.12419051683163207,0,0,0,0,0,0,0.024802327347885678,0.024802327347885678,raw_contexts/proto_sw_1_1__expanded__r1/old_medium.png,raw_contexts/proto_sw_1_1__expanded__r1/h2_medium.png
proto_sw_1_1__expanded__r1,proto_sw_1_1,expanded,1,100006,4136082249,2786223796,4182263884,3924115413,rich,159,3246,True,True,,,2.7313981000042986,2.648127899999963,0.8,0.608107601,6,6,6.0,6.0,1.151390146,1.151390146,0.12858914733333335,0.12858914733333335,0.11412279416666665,0.11412279416666665,0.5828152053595708,0.5828152053595708,4.419575532163434,4.419575532163434,"[0.057176972, 0.148086063, 0.238995154, 0.360207275, 0.451116366, 0.905661821]","[0.057176972, 0.148086063, 0.238995154, 0.360207275, 0.451116366, 0.905661821]",0.8484848490000001,0.8484848490000001,0.07500000000000007,0.07500000000000007,0.10712056514375894,0.10712056514375894,0,0,0,0,0,0,0.025292395640429288,0.025292395640429288,raw_contexts/proto_sw_1_1__expanded__r1/old_rich.png,raw_contexts/proto_sw_1_1__expanded__r1/h2_rich.png
proto_sw_1_1__expanded__r2,proto_sw_1_1,expanded,2,100010,1350424949,4141860,1989963110,3418144302,simple,156,3203,True,True,,,2.5895729000039864,2.484204899999895,0.2,0.224118909,4,4,4.0,4.0,0.9230451450000001,0.9230451450000001,0.145821512,0.145821512,0.15761721725,0.15761721725,0.2198821523727304,0.2198821523727304,4.4836568765950995,4.4836568765950995,"[0.087923301, 0.239438453, 0.390953604, 0.93640815]","[0.087923301, 0.239438453, 0.390953604, 0.93640815]",0.840953604,0.840953604,0.07499999999999996,0.07499999999999996,0.16826371435431678,0.16826371435431678,0,0,0,0,0,0,0.0042367566272696056,0.0042367566272696056,raw_contexts/proto_sw_1_1__expanded__r2/old_simple.png,raw_contexts/proto_sw_1_1__expanded__r2/h2_simple.png
proto_sw_1_1__expanded__r2,proto_sw_1_1,expanded,2,100010,1350424949,4141860,1989963110,3418144302,medium,156,3203,True,True,,,2.528493999998318,2.508214000001317,0.5,0.443643375,5,5,5.0,5.0,1.037462876,1.037462876,0.126322128,0.126322128,0.15802239299999998,0.15802239299999998,0.4069477725686389,0.4069477725686389,4.3967825397380995,4.3967825397380995,"[0.087923301, 0.239438453, 0.390953604, 0.481862695, 0.93640815]","[0.087923301, 0.239438453, 0.390953604, 0.481862695, 0.93640815]",0.848484848,0.848484848,0.07499999999999996,0.07499999999999996,0.1485903337871238,0.1485903337871238,0,0,0,0,0,0,0.03669560243136111,0.03669560243136111,raw_contexts/proto_sw_1_1__expanded__r2/old_medium.png,raw_contexts/proto_sw_1_1__expanded__r2/h2_medium.png
proto_sw_1_1__expanded__r2,proto_sw_1_1,expanded,2,100010,1350424949,4141860,1989963110,3418144302,rich,156,3203,True,True,,,2.5031302999996115,2.478131600000779,0.8,0.728901333,6,6,6.0,6.0,1.5507574790000003,1.2924858510000001,0.18921484416666667,0.149482995,0.16866479683333332,0.11971780833333334,0.9229835286160895,0.7041971894317587,4.482454788416766,4.4810036196900995,"[0.087923301, 0.239438453, 0.390953604, 0.481862695, 0.633377847, 0.93640815]","[0.087923301, 0.209135422, 0.330347543, 0.421256634, 0.633377847, 0.93640815]",0.848484848,0.848484849,0.07499999999999996,0.07499999999999996,0.12441506525134537,0.048662784157771935,0,0,0,0,0,0,0.19408219561608941,0.024704143568241355,raw_contexts/proto_sw_1_1__expanded__r2/old_rich.png,raw_contexts/proto_sw_1_1__expanded__r2/h2_rich.png
proto_sw_1_1__compact__r1,proto_sw_1_1,compact,1,100000,146086172,4157341395,2781254137,4054807205,simple,135,2501,True,True,,,1.7365777000013622,1.6932528999968781,0.2,0.197195385,4,4,4.0,4.0,0.9259475319999999,0.9259475319999999,0.11329007475,0.11329007475,0.18551501274999999,0.18551501274999999,0.19502070068428023,0.19502070068428023,4.720753211714124,4.720753211714124,"[0.108314554, 0.259829705, 0.381041826, 0.71437516]","[0.108314554, 0.259829705, 0.381041826, 0.71437516]",0.848484849,0.848484849,0.11437516000000003,0.11437516000000003,0.053385879024660396,0.053385879024660396,0,0,0,0,0,0,0.002174684315719766,0.002174684315719766,raw_contexts/proto_sw_1_1__compact__r1/old_simple.png,raw_contexts/proto_sw_1_1__compact__r1/h2_simple.png
proto_sw_1_1__compact__r1,proto_sw_1_1,compact,1,100000,146086172,4157341395,2781254137,4054807205,medium,135,2501,True,True,,,1.6991157999946154,1.6722910999960732,0.5,0.447791129,5,5,5.0,5.0,1.195612212,1.195612212,0.13524466159999998,0.13524466159999998,0.15710458919999998,0.15710458919999998,0.48367099655730006,0.48367099655730006,4.60074359578161,4.60074359578161,"[0.108314554, 0.199223645, 0.320435766, 0.441647887, 0.71437516]","[0.108314554, 0.199223645, 0.320435766, 0.441647887, 0.71437516]",0.85187516,0.85187516,0.09090909100000001,0.09090909100000001,0.04734309371119149,0.04734309371119149,0,0,0,0,0,0,0.03587986755730005,0.03587986755730005,raw_contexts/proto_sw_1_1__compact__r1/old_medium.png,raw_contexts/proto_sw_1_1__compact__r1/h2_medium.png
proto_sw_1_1__compact__r1,proto_sw_1_1,compact,1,100000,146086172,4157341395,2781254137,4054807205,rich,135,2501,True,True,,,1.6878032000022358,1.6200356000044849,0.8,0.673599188,6,6,6.0,6.0,1.538528153,1.294287762,0.1575450115,0.14124911966666667,0.18295637616666668,0.10781781066666667,0.8480049316964073,0.65422146253669,4.656037596180309,4.630824398899142,"[0.108314554, 0.199223645, 0.290132736, 0.381041826, 0.68407213, 0.77498122]","[0.078011523, 0.168920614, 0.320435766, 0.411344857, 0.68407213, 0.77498122]",0.866685446,0.848484848,0.08407213000000002,0.08407213000000002,0.0313221044021026,0.09110928418041313,0,0,0,0,0,0,0.17440574369640738,0.019377725463309958,raw_contexts/proto_sw_1_1__compact__r1/old_rich.png,raw_contexts/proto_sw_1_1__compact__r1/h2_rich.png
proto_sw_1_1__compact__r2,proto_sw_1_1,compact,2,100005,3912030780,3903492495,1160715944,77923809,simple,112,1819,True,True,,,1.2363798000005772,1.172573800002283,0.2,0.285775538,4,4,4.0,4.0,0.924582055,0.924582055,0.1274644815,0.1274644815,0.17430576525000002,0.17430576525000002,0.3039074474738517,0.3039074474738517,4.631625127474248,4.631625127474248,"[0.123422141, 0.214331232, 0.305240323, 0.699179717]","[0.123422141, 0.214331232, 0.305240323, 0.699179717]",0.817740323,0.817740323,0.09090909099999997,0.09090909099999997,0.08219596747755771,0.08219596747755771,0,0,0,0,0,0,0.01813190947385168,0.01813190947385168,raw_contexts/proto_sw_1_1__compact__r2/old_simple.png,raw_contexts/proto_sw_1_1__compact__r2/h2_simple.png
proto_sw_1_1__compact__r2,proto_sw_1_1,compact,2,100005,3912030780,3903492495,1160715944,77923809,medium,112,1819,True,True,,,1.1926361999940127,1.1775435999952606,0.5,0.475301331,5,5,5.0,5.0,1.03881897,1.03881897,0.11791074240000002,0.11791074240000002,0.1523295838,0.1523295838,0.4816227857965581,0.4816227857965581,4.600018025686,4.600018025686,"[0.093119111, 0.184028202, 0.305240323, 0.396149414, 0.729482747]","[0.093119111, 0.184028202, 0.305240323, 0.396149414, 0.729482747]",0.866982747,0.866982747,0.090909091,0.090909091,0.03224320509541958,0.03224320509541958,0,0,0,0,0,0,0.006321454796558101,0.006321454796558101,raw_contexts/proto_sw_1_1__compact__r2/old_medium.png,raw_contexts/proto_sw_1_1__compact__r2/h2_medium.png
proto_sw_1_1__compact__r2,proto_sw_1_1,compact,2,100005,3912030780,3903492495,1160715944,77923809,rich,112,1819,True,True,,,1.1942353999984334,1.1837626999986242,0.8,0.699353378,6,6,6.0,6.0,1.310744151,1.3054213540000001,0.133382732,0.12317251283333332,0.159627934,0.16624045899999998,0.7860289899443226,0.7745681042692797,4.595690051859896,4.592996984449896,"[0.093119111, 0.184028202, 0.305240323, 0.396149414, 0.729482747, 0.941603959]","[0.093119111, 0.184028202, 0.305240323, 0.426452444, 0.729482747, 0.941603959]",0.866982747,0.866982747,0.079103959,0.079103959,0.03224320509541958,0.0358671170269131,0,0,0,0,0,0,0.0866756119443226,0.07521472626927972,raw_contexts/proto_sw_1_1__compact__r2/old_rich.png,raw_contexts/proto_sw_1_1__compact__r2/h2_rich.png
proto_sw_1_1__swept__r1,proto_sw_1_1,swept,1,100001,1352492862,115976003,302128940,1466878623,simple,107,1205,True,True,,,1.3085209999990184,1.355646500000148,0.2,0.208871281,4,4,4.0,4.0,0.946710693,0.946710693,0.1327236555,0.1327236555,0.15673472225,0.15673472225,0.22566807572926012,0.22566807572926012,4.697940033265,4.697940033265,"[0.101821596, 0.192730687, 0.344245839, 0.707882202]","[0.101821596, 0.192730687, 0.344245839, 0.707882202]",0.848484848,0.848484848,0.09090909100000001,0.09090909100000001,0.1870057117277172,0.1870057117277172,0,0,0,0,0,0,0.01679679472926013,0.01679679472926013,raw_contexts/proto_sw_1_1__swept__r1/old_simple.png,raw_contexts/proto_sw_1_1__swept__r1/h2_simple.png
proto_sw_1_1__swept__r1,proto_sw_1_1,swept,1,100001,1352492862,115976003,302128940,1466878623,medium,107,1205,True,True,,,1.3575171000047703,1.3065449999994598,0.5,0.406788605,5,5,5.0,5.0,1.0391229,1.0391229,0.0948038912,0.0948038912,0.1637273366,0.1637273366,0.3865401638769311,0.3865401638769311,4.599782622672,4.599782622672,"[0.071518566, 0.162427657, 0.283639778, 0.404851899, 0.707882202]","[0.071518566, 0.162427657, 0.283639778, 0.404851899, 0.707882202]",0.85,0.85,0.090909091,0.090909091,0.08671605254471018,0.08671605254471018,0,0,0,0,0,0,0.02024844112306895,0.02024844112306895,raw_contexts/proto_sw_1_1__swept__r1/old_medium.png,raw_contexts/proto_sw_1_1__swept__r1/h2_medium.png
proto_sw_1_1__swept__r1,proto_sw_1_1,swept,1,100001,1352492862,115976003,302128940,1466878623,rich,107,1205,True,True,,,1.3913011999975424,1.3217212000017753,0.8,0.653241856,6,6,6.0,6.0,1.312864869,1.312864869,0.11555987633333333,0.11555987633333333,0.14841035783333334,0.14841035783333334,0.6785894183329555,0.6785894183329555,4.71427494279,4.71427494279,"[0.071518566, 0.192730687, 0.283639778, 0.404851899, 0.707882202, 0.920003415]","[0.071518566, 0.192730687, 0.283639778, 0.404851899, 0.707882202, 0.920003415]",0.867117798,0.867117798,0.090909091,0.090909091,0.08671605254471018,0.08671605254471018,0,0,0,0,0,0,0.025347562332955542,0.025347562332955542,raw_contexts/proto_sw_1_1__swept__r1/old_rich.png,raw_contexts/proto_sw_1_1__swept__r1/h2_rich.png
proto_sw_1_1__swept__r2,proto_sw_1_1,swept,2,100002,597182601,2971350444,1978891010,1570248508,simple,116,1744,True,True,,,1.451804299998912,1.4068316999982926,0.2,0.211702306,4,4,4.0,4.0,0.9250802410000001,0.9250802410000001,0.17107081850000003,0.17107081850000003,0.10506711525000001,0.10506711525000001,0.20221424600286975,0.20221424600286975,4.69659168291,4.69659168291,"[0.125761213, 0.277276365, 0.671215759, 0.913640001]","[0.125761213, 0.277276365, 0.671215759, 0.913640001]",0.836738787,0.836738787,0.10871575899999997,0.10871575899999997,0.256891412903514,0.256891412903514,0,0,0,0,0,0,0.00948805999713026,0.00948805999713026,raw_contexts/proto_sw_1_1__swept__r2/old_simple.png,raw_contexts/proto_sw_1_1__swept__r2/h2_simple.png
proto_sw_1_1__swept__r2,proto_sw_1_1,swept,2,100002,597182601,2971350444,1978891010,1570248508,medium,116,1744,True,True,,,1.4386356999966665,1.4480603999982122,0.5,0.513657243,5,6,5.0,6.0,1.292544466,1.314200777,0.1668544348,0.143442114,0.1257763336,0.123221131,0.5412831399956933,0.6675572212089643,4.5928790824500005,4.708840791133333,"[0.065155152, 0.186367274, 0.277276365, 0.671215759, 0.913640001]","[0.095458183, 0.186367274, 0.277276365, 0.368185455, 0.671215759, 0.913640001]",0.8397763650000001,0.867041817,0.09090909100000003,0.09090908999999997,0.10567708858989723,0.17114484253369602,0,0,0,0,0,0,0.02762589699569329,0.15389997820896428,raw_contexts/proto_sw_1_1__swept__r2/old_medium.png,raw_contexts/proto_sw_1_1__swept__r2/h2_medium.png
proto_sw_1_1__swept__r2,proto_sw_1_1,swept,2,100002,597182601,2971350444,1978891010,1570248508,rich,116,1744,True,True,,,1.499828100000741,1.4527220000018133,0.8,0.719403181,6,6,6.0,6.0,1.580041871,1.322421527,0.19240867149999996,0.15190421,0.14842238916666667,0.13957188583333333,0.8837078910107048,0.6935602755888236,4.726388218843334,4.722854566600001,"[0.065155152, 0.186367274, 0.277276365, 0.398488486, 0.671215759, 0.913640001]","[0.095458183, 0.186367274, 0.277276365, 0.398488486, 0.671215759, 0.913640001]",0.8712157589999999,0.867041817,0.09090909100000003,0.090909091,0.046371670403331774,0.1637120671201161,0,0,0,0,0,0,0.1643047100107048,0.025842905411176398,raw_contexts/proto_sw_1_1__swept__r2/old_rich.png,raw_contexts/proto_sw_1_1__swept__r2/h2_rich.png
proto_sw_1_3__expanded__r1,proto_sw_1_3,expanded,1,100001,1352492862,115976003,302128940,1466878623,simple,247,10925,True,True,,,5.3684075999990455,5.4080929000047036,0.2,0.150875118,4,4,4.0,4.0,0.720488827,0.7129202299999999,0.09788199775,0.13863952625,0.086184143,0.09829894675,0.056547142165845256,0.11171310374602372,4.603484788359999,4.597175709115,"[0.013918599, 0.559373145, 0.801797387, 0.923009509]","[0.04422163, 0.226039812, 0.559373145, 0.892706478]",0.813918599,0.821873145,0.09090909,0.086460188,0.12114737325748547,0.1974508100000001,0,0,0,0,0,0,0.09432797583415475,0.03916201425397628,raw_contexts/proto_sw_1_3__expanded__r1/old_simple.png,raw_contexts/proto_sw_1_3__expanded__r1/h2_simple.png
proto_sw_1_3__expanded__r1,proto_sw_1_3,expanded,1,100001,1352492862,115976003,302128940,1466878623,medium,247,10925,True,True,,,5.468883900000947,5.277838599999086,0.5,0.42606159,5,5,5.0,5.0,0.9444245809999999,0.9444245809999999,0.1405445672,0.1405445672,0.1233619484,0.1233619484,0.4140910350454523,0.4140910350454523,4.549751571810001,4.549751571810001,"[0.04422163, 0.226039812, 0.559373145, 0.801797387, 0.892706478]","[0.04422163, 0.226039812, 0.559373145, 0.801797387, 0.892706478]",0.821873145,0.821873145,0.086460188,0.086460188,0.13363134010940453,0.13363134010940453,0,0,0,0,0,0,0.011970554954547685,0.011970554954547685,raw_contexts/proto_sw_1_3__expanded__r1/old_medium.png,raw_contexts/proto_sw_1_3__expanded__r1/h2_medium.png
proto_sw_1_3__expanded__r1,proto_sw_1_3,expanded,1,100001,1352492862,115976003,302128940,1466878623,rich,247,10925,True,True,,,5.2281633999955375,5.35719539999991,0.8,0.694365493,6,6,6.0,6.0,1.182357729,1.182357729,0.13254964449999998,0.13254964449999998,0.14048278700000003,0.14048278700000003,0.7022644321129717,0.7022644321129717,4.610920251303334,4.610920251303334,"[0.07452466, 0.195736781, 0.559373145, 0.741191327, 0.862403448, 0.953312539]","[0.07452466, 0.195736781, 0.559373145, 0.741191327, 0.862403448, 0.953312539]",0.821873145,0.821873145,0.090909091,0.090909091,0.054388107756928046,0.054388107756928046,0,0,0,0,0,0,0.007898939112971792,0.007898939112971792,raw_contexts/proto_sw_1_3__expanded__r1/old_rich.png,raw_contexts/proto_sw_1_3__expanded__r1/h2_rich.png
proto_sw_1_3__expanded__r2,proto_sw_1_3,expanded,2,100003,1160543302,2849337252,1964058663,3521747513,simple,243,9710,True,True,,,5.277408500005549,5.1469588999971165,0.2,0.203962403,4,4,4.0,4.0,0.8507114680000001,0.8507114680000001,0.15868373400000002,0.15868373400000002,0.12316871374999999,0.12316871374999999,0.20529355324874524,0.20529355324874524,4.663946538567013,4.663946538567013,"[0.048658354, 0.200173506, 0.775931082, 0.897143203]","[0.048658354, 0.200173506, 0.775931082, 0.897143203]",0.848484848,0.848484848,0.1212121209999999,0.1212121209999999,0.158918417312115,0.158918417312115,0,0,0,0,0,0,0.0013311502487452498,0.0013311502487452498,raw_contexts/proto_sw_1_3__expanded__r2/old_simple.png,raw_contexts/proto_sw_1_3__expanded__r2/h2_simple.png
proto_sw_1_3__expanded__r2,proto_sw_1_3,expanded,2,100003,1160543302,2849337252,1964058663,3521747513,medium,243,9710,True,True,,,5.3973981000017375,5.259078700000828,0.5,0.432752341,5,5,5.0,5.0,1.1386423639999999,0.9505078509999999,0.12281276540000001,0.13794894900000002,0.14702211459999998,0.14491966839999998,0.48571371685113096,0.39905276367522874,4.590722534508,4.58437333194,"[0.048658354, 0.200173506, 0.715325021, 0.806234112, 0.897143203]","[0.048658354, 0.200173506, 0.715325021, 0.866840173, 0.957749264]",0.848484848,0.8484848479999999,0.090909091,0.09090908999999996,0.10858992568309057,0.1284006734314188,0,0,0,0,0,0,0.052961375851130976,0.033699577324771246,raw_contexts/proto_sw_1_3__expanded__r2/old_medium.png,raw_contexts/proto_sw_1_3__expanded__r2/h2_medium.png
proto_sw_1_3__expanded__r2,proto_sw_1_3,expanded,2,100003,1160543302,2849337252,1964058663,3521747513,rich,243,9710,True,True,,,5.222147699998459,5.17373470000166,0.8,0.696972895,6,6,6.0,6.0,1.2000179910000002,1.2000179910000002,0.15291213566666667,0.15291213566666667,0.13813435066666666,0.13813435066666666,0.69894043398657,0.69894043398657,4.633818110937049,4.633818110937049,"[0.048658354, 0.200173506, 0.533506839, 0.715325021, 0.866840173, 0.957749264]","[0.048658354, 0.200173506, 0.533506839, 0.715325021, 0.866840173, 0.957749264]",0.8484848479999999,0.8484848479999999,0.08350683899999994,0.08350683899999994,0.1284006734314188,0.1284006734314188,0,0,0,0,0,0,0.0019675389865699833,0.0019675389865699833,raw_contexts/proto_sw_1_3__expanded__r2/old_rich.png,raw_contexts/proto_sw_1_3__expanded__r2/h2_rich.png
proto_sw_1_3__compact__r1,proto_sw_1_3,compact,1,100000,146086172,4157341395,2781254137,4054807205,simple,390,24031,True,True,,,14.484284899997874,14.234745100002328,0.2,0.236464352,4,4,4.0,4.0,0.9152193000000001,0.9152193000000001,0.102532077,0.102532077,0.15062331775,0.15062331775,0.2261578225492193,0.2261578225492193,4.167558961201195,4.167558961201195,"[0.080011905, 0.231527057, 0.776981602, 0.928496754]","[0.080011905, 0.231527057, 0.776981602, 0.928496754]",0.823018398,0.823018398,0.0625,0.0625,0.10213275242867806,0.10213275242867806,0,0,0,0,0,0,0.0103065294507807,0.0103065294507807,raw_contexts/proto_sw_1_3__compact__r1/old_simple.png,raw_contexts/proto_sw_1_3__compact__r1/h2_simple.png
proto_sw_1_3__compact__r1,proto_sw_1_3,compact,1,100000,146086172,4157341395,2781254137,4054807205,medium,390,24031,True,True,,,14.547246500005713,14.290219000002253,0.5,0.467256214,5,6,5.0,6.0,0.953919722,1.054748252,0.1431037568,0.1285420225,0.09833046640000001,0.05073726083333333,0.4118517775069919,0.5672522854709662,4.139406055080195,4.190832603599528,"[0.080011905, 0.231527057, 0.746678572, 0.837587663, 0.989102815]","[0.080011905, 0.201224027, 0.292133118, 0.746678572, 0.837587663, 0.989102815]",0.831527057,0.848484848,0.0625,0.0625,0.08681043476409088,0.08681043476409088,0,0,0,0,0,0,0.05540443649300808,0.09999607147096617,raw_contexts/proto_sw_1_3__compact__r1/old_medium.png,raw_contexts/proto_sw_1_3__compact__r1/h2_medium.png
proto_sw_1_3__compact__r1,proto_sw_1_3,compact,1,100000,146086172,4157341395,2781254137,4054807205,rich,390,24031,True,True,,,14.655804500005615,14.214076399999612,0.8,0.708420737,6,6,6.0,6.0,1.41407573,1.175557982,0.14903589533333333,0.14395315700000003,0.12506669799999998,0.09212352750000001,0.8388317413827271,0.6799918085785801,4.259407108592861,4.252072017192861,"[0.080011905, 0.201224027, 0.322436148, 0.746678572, 0.837587663, 0.958799784]","[0.049708875, 0.201224027, 0.292133118, 0.746678572, 0.837587663, 0.958799784]",0.853321428,0.848484848,0.0625,0.0625,0.07702601520941893,0.051823980493345446,0,0,0,0,0,0,0.13041100438272712,0.028428928421419863,raw_contexts/proto_sw_1_3__compact__r1/old_rich.png,raw_contexts/proto_sw_1_3__compact__r1/h2_rich.png
proto_sw_1_3__compact__r2,proto_sw_1_3,compact,2,100006,4136082249,2786223796,4182263884,3924115413,simple,413,28678,True,True,,,15.77269299999898,15.594603799996548,0.2,0.239752888,4,4,4.0,4.0,0.8395641810000001,0.8395641810000001,0.162702312,0.162702312,0.1156765545,0.1156765545,0.2291159699868317,0.2291159699868317,4.179972652973019,4.179972652973019,"[0.069499869, 0.22101502, 0.766469566, 0.917984717]","[0.069499869, 0.22101502, 0.766469566, 0.917984717]",0.8210150199999999,0.8210150199999999,0.0625,0.0625,0.1543798574544591,0.1543798574544591,0,0,0,0,0,0,0.010636918013168295,0.010636918013168295,raw_contexts/proto_sw_1_3__compact__r2/old_simple.png,raw_contexts/proto_sw_1_3__compact__r2/h2_simple.png
proto_sw_1_3__compact__r2,proto_sw_1_3,compact,2,100006,4136082249,2786223796,4182263884,3924115413,medium,413,28678,True,True,,,16.244688200000382,15.741991299997608,0.5,0.464730489,5,6,5.0,6.0,0.958195444,1.077883587,0.13651746139999998,0.12988120699999997,0.10501652019999999,0.10207155783333333,0.4070388944578928,0.6113664732706166,4.113314434930195,4.194593809059528,"[0.069499869, 0.22101502, 0.311924111, 0.766469566, 0.917984717]","[0.069499869, 0.22101502, 0.311924111, 0.675560475, 0.766469566, 0.917984717]",0.8335304339999999,0.848484848,0.0625,0.0625,0.11784142149499355,0.03245173086422617,0,0,0,0,0,0,0.057691594542107205,0.14663598427061653,raw_contexts/proto_sw_1_3__compact__r2/old_medium.png,raw_contexts/proto_sw_1_3__compact__r2/h2_medium.png
proto_sw_1_3__compact__r2,proto_sw_1_3,compact,2,100006,4136082249,2786223796,4182263884,3924115413,rich,413,28678,True,True,,,16.12025910000375,15.720174100002623,0.8,0.698297799,6,6,6.0,6.0,1.3843888640000002,1.202662417,0.12579576816666668,0.121667012,0.12563117333333335,0.14338111816666665,0.7829073262442487,0.6927841090835782,4.207933143544664,4.206063009092861,"[0.069499869, 0.22101502, 0.311924111, 0.675560475, 0.766469566, 0.917984717]","[0.069499869, 0.251318051, 0.675560475, 0.766469566, 0.857378657, 0.978590778]",0.848484848,0.818181818,0.0625,0.0625,0.03440337820567794,0.0869639932657852,0,0,0,0,0,0,0.08460952724424875,0.00551368991642176,raw_contexts/proto_sw_1_3__compact__r2/old_rich.png,raw_contexts/proto_sw_1_3__compact__r2/h2_rich.png
proto_sw_1_3__swept__r1,proto_sw_1_3,swept,1,100002,597182601,2971350444,1978891010,1570248508,simple,277,13713,True,True,,,6.482768100002431,6.410335799999302,0.2,0.266342142,4,4,4.0,4.0,0.711152532,0.902854023,0.14055615325,0.11447499175,0.1141661305,0.17080486050000002,0.1343669203857899,0.26764329736466214,4.4483016928451,4.4368645183951,"[0.065115339, 0.21663049, 0.762085036, 0.913600187]","[0.034812308, 0.21663049, 0.762085036, 0.943903218]",0.84163049,0.818181818,0.07500000000000001,0.07500000000000001,0.181369554,0.09730668391549917,0,0,0,0,0,0,0.1319752216142101,0.001301155364662132,raw_contexts/proto_sw_1_3__swept__r1/old_simple.png,raw_contexts/proto_sw_1_3__swept__r1/h2_simple.png
proto_sw_1_3__swept__r1,proto_sw_1_3,swept,1,100002,597182601,2971350444,1978891010,1570248508,medium,277,13713,True,True,,,6.53165430000081,6.320053199997346,0.5,0.466495936,5,5,5.0,5.0,1.141240099,0.956072243,0.1395850066,0.149978524,0.16855256840000002,0.1176384242,0.5930938091994137,0.45194005376276186,4.373405827546101,4.352104311358101,"[0.034812308, 0.21663049, 0.762085036, 0.852994127, 0.943903218]","[0.065115339, 0.246933521, 0.701478975, 0.852994127, 0.943903218]",0.818181818,0.818181818,0.07500000000000001,0.07500000000000001,0.08636273176280386,0.12141789250128865,0,0,0,0,0,0,0.12659787319941368,0.014555882237238138,raw_contexts/proto_sw_1_3__swept__r1/old_medium.png,raw_contexts/proto_sw_1_3__swept__r1/h2_medium.png
proto_sw_1_3__swept__r1,proto_sw_1_3,swept,1,100002,597182601,2971350444,1978891010,1570248508,rich,277,13713,True,True,,,6.57748939999874,6.396639600003255,0.8,0.677859093,6,6,6.0,6.0,1.2646809069999998,1.069706597,0.11298791433333333,0.1460185565,0.14545404400000003,0.10971069216666668,0.7793471512018598,0.6649219916688303,4.4238422532801005,4.398211275153434,"[0.034812308, 0.21663049, 0.549963824, 0.762085036, 0.852994127, 0.943903218]","[0.065115339, 0.21663049, 0.549963824, 0.701478975, 0.792388066, 0.943903218]",0.818181818,0.84163049,0.07500000000000001,0.07500000000000001,0.059177770920701596,0.12602706152011037,0,0,0,0,0,0,0.1014880582018598,0.012937101331169765,raw_contexts/proto_sw_1_3__swept__r1/old_rich.png,raw_contexts/proto_sw_1_3__swept__r1/h2_rich.png
proto_sw_1_3__swept__r2,proto_sw_1_3,swept,2,100004,1033296627,2761789635,3906224916,1967235406,simple,279,13327,True,True,,,6.850893499999074,6.838143599998148,0.2,0.257623262,4,4,4.0,4.0,0.824102258,0.847183867,0.13622978225,0.15941474875,0.1711579635,0.16670304075,0.23016474916546578,0.26404222249577275,4.4624909456534105,4.461251612409344,"[0.081785922, 0.233301074, 0.778755619, 0.930270771]","[0.081785922, 0.233301074, 0.778755619, 0.930270771]",0.846244381,0.846244381,0.07500000000000001,0.07500000000000001,0.16950719058866792,0.16950719058866792,0,0,0,0,0,0,0.027458512834534238,0.00641896049577273,raw_contexts/proto_sw_1_3__swept__r2/old_simple.png,raw_contexts/proto_sw_1_3__swept__r2/h2_simple.png
proto_sw_1_3__swept__r2,proto_sw_1_3,swept,2,100004,1033296627,2761789635,3906224916,1967235406,medium,279,13327,True,True,,,6.766452999996545,6.668140399997355,0.5,0.452407773,5,5,5.0,5.0,0.9616490830000001,0.9616490830000001,0.12379345,0.12379345,0.1261215444,0.1261215444,0.41659506516771005,0.41659506516771005,4.411320362486101,4.411320362486101,"[0.081785922, 0.233301074, 0.718149558, 0.809058649, 0.930270771]","[0.081785922, 0.233301074, 0.718149558, 0.809058649, 0.930270771]",0.848484848,0.848484848,0.07500000000000001,0.07500000000000001,0.12156416555269056,0.12156416555269056,0,0,0,0,0,0,0.03581270783228996,0.03581270783228996,raw_contexts/proto_sw_1_3__swept__r2/old_medium.png,raw_contexts/proto_sw_1_3__swept__r2/h2_medium.png
proto_sw_1_3__swept__r2,proto_sw_1_3,swept,2,100004,1033296627,2761789635,3906224916,1967235406,rich,279,13327,True,True,,,6.76728980000189,6.584322499998962,0.8,0.685334827,6,6,6.0,6.0,1.235631352,1.235631352,0.1551373238333333,0.1551373238333333,0.14749596516666666,0.14749596516666666,0.7684107943617158,0.7684107943617158,4.534209965286767,4.534209965286767,"[0.081785922, 0.202998043, 0.293907134, 0.748452589, 0.86966471, 0.960573801]","[0.081785922, 0.202998043, 0.293907134, 0.748452589, 0.86966471, 0.960573801]",0.875,0.875,0.07500000000000001,0.07500000000000001,0.11670121887879359,0.11670121887879359,0,0,0,0,0,0,0.08307596736171574,0.08307596736171574,raw_contexts/proto_sw_1_3__swept__r2/old_rich.png,raw_contexts/proto_sw_1_3__swept__r2/h2_rich.png
proto_sw_2_3__expanded__r1,proto_sw_2_3,expanded,1,100000,146086172,4157341395,2781254137,4054807205,simple,269,13722,True,True,,,5.184144400001969,5.077081900002668,0.2,0.226429057,5,5,5.0,5.0,0.923766675,0.923766675,0.1388347626,0.1388347626,0.1354691168,0.1354691168,0.20332103933140144,0.20332103933140144,4.454607836417471,4.454607836417471,"[0.134913885, 0.286429037, 0.6500654, 0.801580552, 0.983398734]","[0.134913885, 0.286429037, 0.6500654, 0.801580552, 0.983398734]",0.811429037,0.811429037,0.15151515100000001,0.15151515100000001,0.0770596988536368,0.0770596988536368,0,0,0,0,0,0,0.023108017668598546,0.023108017668598546,raw_contexts/proto_sw_2_3__expanded__r1/old_simple.png,raw_contexts/proto_sw_2_3__expanded__r1/h2_simple.png
proto_sw_2_3__expanded__r1,proto_sw_2_3,expanded,1,100000,146086172,4157341395,2781254137,4054807205,medium,269,13722,True,True,,,5.255111899998155,5.048976099998981,0.5,0.441274896,6,6,6.0,6.0,1.453793434,1.202382492,0.17300793266666667,0.13887523733333332,0.17144923733333337,0.11911226783333333,0.6736529204802434,0.46633120559144986,4.5286880468,4.51348872723,"[0.044004794, 0.134913885, 0.256126006, 0.6500654, 0.771277521, 0.892489643]","[0.074307824, 0.165216915, 0.286429037, 0.6500654, 0.771277521, 0.953095703]",0.781126006,0.811429037,0.09090909100000001,0.090909091,0.0500413487108637,0.03777275044749685,0,0,0,0,0,0,0.23237802448024336,0.025056309591449832,raw_contexts/proto_sw_2_3__expanded__r1/old_medium.png,raw_contexts/proto_sw_2_3__expanded__r1/h2_medium.png
proto_sw_2_3__expanded__r1,proto_sw_2_3,expanded,1,100000,146086172,4157341395,2781254137,4054807205,rich,269,13722,True,True,,,5.18926780000038,5.11994269999559,0.8,0.654499692,7,6,7.0,6.0,1.275433032,1.453793434,0.1515550934285714,0.17300793266666667,0.13834069442857141,0.17144923733333337,0.683871923025757,0.6736529204802434,4.474418540438572,4.5286880468,"[0.074307824, 0.195519946, 0.286429037, 0.6500654, 0.801580552, 0.892489643, 0.983398734]","[0.044004794, 0.134913885, 0.256126006, 0.6500654, 0.771277521, 0.892489643]",0.811429037,0.781126006,0.09090909,0.09090909100000001,0.047445445252579266,0.0500413487108637,0,0,0,0,0,0,0.029372231025756923,0.019153228480243367,raw_contexts/proto_sw_2_3__expanded__r1/old_rich.png,raw_contexts/proto_sw_2_3__expanded__r1/h2_rich.png
proto_sw_2_3__expanded__r2,proto_sw_2_3,expanded,2,100002,597182601,2971350444,1978891010,1570248508,simple,249,11745,True,True,,,4.351830099993094,4.205302599999413,0.2,0.201505174,5,5,5.0,5.0,1.077944829,0.9141074419999999,0.1473667136,0.136463789,0.1606091734,0.1299659604,0.31495288884170236,0.19787963861880917,4.455131487139,4.419639990243313,"[0.079074253, 0.260892435, 0.685134859, 0.80634698, 0.927559102]","[0.079074253, 0.260892435, 0.654831829, 0.80634698, 0.927559102]",0.7858924350000001,0.7858924350000001,0.121212121,0.12121212199999998,0.04625265434536841,0.0566992120725007,0,0,0,0,0,0,0.11344771484170235,0.003625535381190842,raw_contexts/proto_sw_2_3__expanded__r2/old_simple.png,raw_contexts/proto_sw_2_3__expanded__r2/h2_simple.png
proto_sw_2_3__expanded__r2,proto_sw_2_3,expanded,2,100002,597182601,2971350444,1978891010,1570248508,medium,249,11745,True,True,,,4.379469399995287,4.32156109999778,0.5,0.418761482,6,6,6.0,6.0,1.182197886,1.044532018,0.15552734199999999,0.13839826549999998,0.13985147983333332,0.12393523816666667,0.5083550403864893,0.4087254734512824,4.5202684671533335,4.47629825313,"[0.018468192, 0.200286374, 0.291195465, 0.654831829, 0.74574092, 0.897256071]","[0.018468192, 0.139680314, 0.260892435, 0.685134859, 0.77604395, 0.927559102]",0.8161954650000001,0.7858924350000001,0.090909091,0.09090908999999997,0.050212680243589755,0.04725489389062593,0,0,0,0,0,0,0.08959355838648925,0.010036008548717612,raw_contexts/proto_sw_2_3__expanded__r2/old_medium.png,raw_contexts/proto_sw_2_3__expanded__r2/h2_medium.png
proto_sw_2_3__expanded__r2,proto_sw_2_3,expanded,2,100002,597182601,2971350444,1978891010,1570248508,rich,249,11745,True,True,,,4.339545100003306,4.204173099999025,0.8,0.644491713,7,6,7.0,6.0,1.2951642959999998,1.307677645,0.14536235085714283,0.17671806533333334,0.12940307385714284,0.18250784116666666,0.6931707846416112,0.6283326617086533,4.445410448947143,4.477951543768656,"[0.018468192, 0.109377283, 0.200286374, 0.291195465, 0.654831829, 0.74574092, 0.897256071]","[0.048771223, 0.139680314, 0.260892435, 0.715437889, 0.80634698, 0.957862132]",0.8161954650000001,0.7595621109999999,0.09090909099999998,0.09090909099999997,0.050212680243589755,0.05476511192947386,0,0,0,0,0,0,0.04867907164161123,0.01615905129134665,raw_contexts/proto_sw_2_3__expanded__r2/old_rich.png,raw_contexts/proto_sw_2_3__expanded__r2/h2_rich.png
proto_sw_2_3__compact__r1,proto_sw_2_3,compact,1,100004,1033296627,2761789635,3906224916,1967235406,simple,248,10206,True,True,,,5.295984199998202,5.138147999998182,0.2,0.235515535,5,6,5.0,6.0,0.927909242,1.174709104,0.1309860936,0.09961788599999999,0.11992721960000001,0.09808421116666666,0.1464516925015326,0.35356072174529773,4.398673547276001,4.48130389544,"[0.135981691, 0.226890782, 0.317799872, 0.742042297, 0.954163509]","[0.10567866, 0.226890782, 0.317799872, 0.772345327, 0.863254418, 0.954163509]",0.7802998720000001,0.765154673,0.09090908999999997,0.09090908999999997,0.07575478117144714,0.039538795261889505,0,0,0,0,0,0,0.08906384249846741,0.11804518674529774,raw_contexts/proto_sw_2_3__compact__r1/old_simple.png,raw_contexts/proto_sw_2_3__compact__r1/h2_simple.png
proto_sw_2_3__compact__r1,proto_sw_2_3,compact,1,100004,1033296627,2761789635,3906224916,1967235406,medium,248,10206,True,True,,,5.331804399997054,5.218920700004674,0.5,0.449719298,6,6,6.0,6.0,1.185234547,1.185234547,0.14021669250000002,0.14021669250000002,0.14771849816666666,0.14771849816666666,0.4516249972979961,0.4516249972979961,4.49440081881,4.49440081881,"[0.0450726, 0.135981691, 0.226890782, 0.317799872, 0.742042297, 0.832951388]","[0.0450726, 0.135981691, 0.226890782, 0.317799872, 0.742042297, 0.832951388]",0.7802998720000001,0.7802998720000001,0.09090908999999997,0.09090908999999997,0.03181699040810108,0.03181699040810108,0,0,0,0,0,0,0.0019056992979961107,0.0019056992979961107,raw_contexts/proto_sw_2_3__compact__r1/old_medium.png,raw_contexts/proto_sw_2_3__compact__r1/h2_medium.png
proto_sw_2_3__compact__r1,proto_sw_2_3,compact,1,100004,1033296627,2761789635,3906224916,1967235406,rich,248,10206,True,True,,,5.265898800003924,5.228912799997488,0.8,0.673727357,7,7,7.0,7.0,1.3965005860000002,1.3965005860000002,0.145502458,0.145502458,0.15512334185714285,0.15512334185714285,0.7155956787192638,0.7155956787192638,4.45430856669902,4.45430856669902,"[0.0450726, 0.135981691, 0.226890782, 0.317799872, 0.742042297, 0.832951388, 0.923860479]","[0.0450726, 0.135981691, 0.226890782, 0.317799872, 0.742042297, 0.832951388, 0.923860479]",0.7802998720000001,0.7802998720000001,0.09090908999999997,0.09090908999999997,0.03181699040810108,0.03181699040810108,0,0,0,0,0,0,0.0418683217192638,0.0418683217192638,raw_contexts/proto_sw_2_3__compact__r1/old_rich.png,raw_contexts/proto_sw_2_3__compact__r1/h2_rich.png
proto_sw_2_3__compact__r2,proto_sw_2_3,compact,2,100005,3912030780,3903492495,1160715944,77923809,simple,257,10448,True,True,,,5.982101100002183,6.052000199997565,0.2,0.229301182,5,6,5.0,6.0,1.0652517,1.15416266,0.11838789300000001,0.099286298,0.09452790759999999,0.06454638416666666,0.2038480674078722,0.3528355342268588,4.466880398180001,4.5500619855833335,"[0.13823334, 0.320051522, 0.653384856, 0.835203037, 0.986718189]","[0.07762728, 0.198839401, 0.320051522, 0.713990916, 0.895809098, 0.986718189]",0.807551522,0.798509084,0.15151515100000004,0.090909091,0.04211432588354931,0.04435713827570427,0,0,0,0,0,0,0.02545311459212779,0.12353435222685882,raw_contexts/proto_sw_2_3__compact__r2/old_simple.png,raw_contexts/proto_sw_2_3__compact__r2/h2_simple.png
proto_sw_2_3__compact__r2,proto_sw_2_3,compact,2,100005,3912030780,3903492495,1160715944,77923809,medium,257,10448,True,True,,,6.045230199997604,6.074374700001499,0.5,0.460733591,6,6,6.0,6.0,1.293282606,1.293282606,0.12697728733333333,0.12697728733333333,0.14159362150000002,0.14159362150000002,0.5380235280203032,0.5380235280203032,4.585969245843333,4.585969245843333,"[0.017021219, 0.13823334, 0.320051522, 0.713990916, 0.804900007, 0.926112128]","[0.017021219, 0.13823334, 0.320051522, 0.713990916, 0.804900007, 0.926112128]",0.798509084,0.798509084,0.090909091,0.090909091,0.04211432588354931,0.04211432588354931,0,0,0,0,0,0,0.07728993702030318,0.07728993702030318,raw_contexts/proto_sw_2_3__compact__r2/old_medium.png,raw_contexts/proto_sw_2_3__compact__r2/h2_medium.png
proto_sw_2_3__compact__r2,proto_sw_2_3,compact,2,100005,3912030780,3903492495,1160715944,77923809,rich,257,10448,True,True,,,6.05392700000084,6.020910700004606,0.8,0.69632856,7,6,7.0,6.0,1.240169872,1.5126799130000002,0.10578980885714286,0.173459284,0.09495533828571427,0.176320801,0.5872492020610641,0.7672981957362246,4.505471237512057,4.549480093206666,"[0.017021219, 0.13823334, 0.320051522, 0.653384856, 0.744293946, 0.835203037, 0.926112128]","[0.07762728, 0.198839401, 0.320051522, 0.713990916, 0.835203037, 0.986718189]",0.807551522,0.798509084,0.09090909000000003,0.09090909100000004,0.04211432588354931,0.05532138779038486,0,0,0,0,0,0,0.10907935793893586,0.07096963573622461,raw_contexts/proto_sw_2_3__compact__r2/old_rich.png,raw_contexts/proto_sw_2_3__compact__r2/h2_rich.png
proto_sw_2_3__swept__r1,proto_sw_2_3,swept,1,100001,1352492862,115976003,302128940,1466878623,simple,261,11550,True,True,,,5.6538779999973485,5.580935300000419,0.2,0.262818685,5,6,5.0,6.0,0.864839315,1.010534745,0.10432208220000001,0.09081309783333334,0.10410442719999999,0.09205305033333333,0.1069277575702865,0.30851480665004866,4.440680423356,4.512658604866666,"[0.044389694, 0.135298785, 0.286813937, 0.650450301, 0.832268482]","[0.014086664, 0.104995755, 0.286813937, 0.650450301, 0.741359391, 0.832268482]",0.787878788,0.799549699,0.090909091,0.09090909000000003,0.035126294983462744,0.04703466671615942,0,0,0,0,0,0,0.1558909274297135,0.04569612165004866,raw_contexts/proto_sw_2_3__swept__r1/old_simple.png,raw_contexts/proto_sw_2_3__swept__r1/h2_simple.png
proto_sw_2_3__swept__r1,proto_sw_2_3,swept,1,100001,1352492862,115976003,302128940,1466878623,medium,261,11550,True,True,,,5.680980400000408,5.511846399997012,0.5,0.495794982,6,6,6.0,6.0,1.322007102,1.157145544,0.16092463283333333,0.13158476333333333,0.1605432128333333,0.13873126583333334,0.6539717305741954,0.49562331399158416,4.538275649866667,4.53776400659,"[0.014086664, 0.195904846, 0.286813937, 0.650450301, 0.741359391, 0.832268482]","[0.014086664, 0.165601816, 0.256510907, 0.650450301, 0.741359391, 0.892874543]",0.799549699,0.799549699,0.09090909000000003,0.09090909000000003,0.05572212743392002,0.042659287899400794,0,0,0,0,0,0,0.15817674857419545,0.0001716680084158373,raw_contexts/proto_sw_2_3__swept__r1/old_medium.png,raw_contexts/proto_sw_2_3__swept__r1/h2_medium.png
proto_sw_2_3__swept__r1,proto_sw_2_3,swept,1,100001,1352492862,115976003,302128940,1466878623,rich,261,11550,True,True,,,5.720068900001934,5.614905899994483,0.8,0.717745923,7,6,7.0,6.0,1.5539970459999999,1.322007102,0.16413539514285716,0.16092463283333333,0.16066325914285715,0.1605432128333333,0.9412145239375713,0.6539717305741954,4.489706183104286,4.538275649866667,"[0.014086664, 0.104995755, 0.195904846, 0.286813937, 0.650450301, 0.741359391, 0.832268482]","[0.014086664, 0.195904846, 0.286813937, 0.650450301, 0.741359391, 0.832268482]",0.799549699,0.799549699,0.09090909000000003,0.09090909000000003,0.05572212743392002,0.05572212743392002,0,0,0,0,0,0,0.22346860093757137,0.06377419242580451,raw_contexts/proto_sw_2_3__swept__r1/old_rich.png,raw_contexts/proto_sw_2_3__swept__r1/h2_rich.png
proto_sw_2_3__swept__r2,proto_sw_2_3,swept,2,100007,2306796258,3206084945,3756345937,923066240,simple,272,12835,True,True,,,5.935786099995312,5.837050299996918,0.2,0.244830014,5,6,5.0,6.0,0.91707552,1.052664865,0.1318884974,0.10224934766666666,0.1142756546,0.07566347616666667,0.19723554080834507,0.34954973987911997,4.448968749803873,4.50014952146,"[0.08675469, 0.238269842, 0.662512266, 0.814027417, 0.965542569]","[0.026148629, 0.11705772, 0.268572872, 0.662512266, 0.783724387, 0.935239539]",0.7874877339999999,0.7874877339999999,0.12121212099999998,0.09090909,0.04866932228762115,0.03156658263816425,0,0,0,0,0,0,0.04759447319165494,0.10471972587911996,raw_contexts/proto_sw_2_3__swept__r2/old_simple.png,raw_contexts/proto_sw_2_3__swept__r2/h2_simple.png
proto_sw_2_3__swept__r2,proto_sw_2_3,swept,2,100007,2306796258,3206084945,3756345937,923066240,medium,272,12835,True,True,,,6.044564499999979,5.957329999997455,0.5,0.491197154,6,6,6.0,6.0,1.1820292749999999,1.1820292749999999,0.14221750516666667,0.14221750516666667,0.12019856733333334,0.12019856733333334,0.5063890028755812,0.5063890028755812,4.528537745356666,4.528537745356666,"[0.11705772, 0.268572872, 0.662512266, 0.753421357, 0.844330448, 0.965542569]","[0.11705772, 0.268572872, 0.662512266, 0.753421357, 0.844330448, 0.965542569]",0.7874877339999999,0.7874877339999999,0.090909091,0.090909091,0.0727522282086308,0.0727522282086308,0,0,0,0,0,0,0.015191848875581171,0.015191848875581171,raw_contexts/proto_sw_2_3__swept__r2/old_medium.png,raw_contexts/proto_sw_2_3__swept__r2/h2_medium.png
proto_sw_2_3__swept__r2,proto_sw_2_3,swept,2,100007,2306796258,3206084945,3756345937,923066240,rich,272,12835,True,True,,,6.02231899999606,5.813625700000557,0.8,0.706935354,7,6,7.0,6.0,1.243620426,1.3428102819999999,0.1407418357142857,0.17986696416666667,0.13541691657142857,0.18050541083333335,0.6987689402105827,0.6888752605017878,4.463792939052857,4.47175172363,"[0.08675469, 0.177663781, 0.268572872, 0.662512266, 0.783724387, 0.874633478, 0.965542569]","[0.08675469, 0.207966811, 0.662512266, 0.783724387, 0.874633478, 0.965542569]",0.7874877339999999,0.757966811,0.090909091,0.090909091,0.04639332394657169,0.059813978497849724,0,0,0,0,0,0,0.008166413789417293,0.018060093498212137,raw_contexts/proto_sw_2_3__swept__r2/old_rich.png,raw_contexts/proto_sw_2_3__swept__r2/h2_rich.png
proto_sw_3_1__expanded__r1,proto_sw_3_1,expanded,1,100003,1160543302,2849337252,1964058663,3521747513,simple,164,3887,True,True,,,3.2173124000037205,3.2472641999993357,0.2,0.200611986,5,6,5.0,6.0,1.240886693,1.170833698,0.19509606780000002,0.12466171699999999,0.144739473,0.10767908366666668,0.31645928365120657,0.2999373635189666,4.473534849581647,4.49827415388,"[0.071690614, 0.162599705, 0.435326977, 0.617145159, 0.768660311]","[0.011084553, 0.101993644, 0.192902735, 0.435326977, 0.617145159, 0.73835728]",0.818181818,0.81335728,0.09090909100000001,0.090909091,0.1075348811492014,0.04573747340878033,0,0,0,0,0,0,0.11584729765120658,0.09932537751896661,raw_contexts/proto_sw_3_1__expanded__r1/old_simple.png,raw_contexts/proto_sw_3_1__expanded__r1/h2_simple.png
proto_sw_3_1__expanded__r1,proto_sw_3_1,expanded,1,100003,1160543302,2849337252,1964058663,3521747513,medium,164,3887,True,True,,,3.1748623000021325,3.2166283000042313,0.5,0.432559797,6,6,6.0,6.0,1.334686362,1.334686362,0.13881049133333334,0.13881049133333334,0.13704125366666664,0.13704125366666664,0.41457867453805153,0.41457867453805153,4.53162516341,4.53162516341,"[0.011084553, 0.101993644, 0.192902735, 0.435326977, 0.617145159, 0.73835728]","[0.011084553, 0.101993644, 0.192902735, 0.435326977, 0.617145159, 0.73835728]",0.81335728,0.81335728,0.090909091,0.090909091,0.05751461359296858,0.05751461359296858,0,0,0,0,0,0,0.017981122461948496,0.017981122461948496,raw_contexts/proto_sw_3_1__expanded__r1/old_medium.png,raw_contexts/proto_sw_3_1__expanded__r1/h2_medium.png
proto_sw_3_1__expanded__r1,proto_sw_3_1,expanded,1,100003,1160543302,2849337252,1964058663,3521747513,rich,164,3887,True,True,,,3.272708700002113,3.225607600004878,0.8,0.669341582,7,6,7.0,6.0,1.337136241,1.353782601,0.13067519314285714,0.166412166,0.07819292700000001,0.1414750608333333,0.4942743677020543,0.4663323019674032,4.41906593783,4.49446832614,"[0.011084553, 0.101993644, 0.192902735, 0.435326977, 0.586842129, 0.67775122, 0.768660311]","[0.041387583, 0.132296674, 0.223205765, 0.435326977, 0.617145159, 0.73835728]",0.8436603109999999,0.81335728,0.090909091,0.090909091,0.06929012013659773,0.07930020280999264,0,0,0,0,0,0,0.17506721429794575,0.20300928003259683,raw_contexts/proto_sw_3_1__expanded__r1/old_rich.png,raw_contexts/proto_sw_3_1__expanded__r1/h2_rich.png
proto_sw_3_1__expanded__r2,proto_sw_3_1,expanded,2,100005,3912030780,3903492495,1160715944,77923809,simple,166,4109,True,True,,,3.1297650999986217,3.175737300000037,0.2,0.241034702,5,5,5.0,5.0,1.075216735,1.075216735,0.1557475344,0.1557475344,0.13780702460000002,0.13780702460000002,0.21260905182739917,0.21260905182739917,4.4164714058920005,4.4164714058920005,"[0.072217081, 0.163126172, 0.466156475, 0.647974657, 0.738883747]","[0.072217081, 0.163126172, 0.466156475, 0.647974657, 0.738883747]",0.818181818,0.818181818,0.09090909000000003,0.09090909000000003,0.1262956585757955,0.1262956585757955,0,0,0,0,0,0,0.02842565017260082,0.02842565017260082,raw_contexts/proto_sw_3_1__expanded__r2/old_simple.png,raw_contexts/proto_sw_3_1__expanded__r2/h2_simple.png
proto_sw_3_1__expanded__r2,proto_sw_3_1,expanded,2,100005,3912030780,3903492495,1160715944,77923809,medium,166,4109,True,True,,,3.322937399992952,3.1594283000013093,0.5,0.468122333,6,6,6.0,6.0,1.4290382359999998,1.4290382359999998,0.1689789928333333,0.1689789928333333,0.10281091633333335,0.10281091633333335,0.5022579663405747,0.5022579663405747,4.475678722333333,4.475678722333333,"[0.01161102, 0.102520111, 0.193429202, 0.496459505, 0.647974657, 0.738883747]","[0.01161102, 0.102520111, 0.193429202, 0.496459505, 0.647974657, 0.738883747]",0.816040495,0.816040495,0.09090909000000003,0.09090909000000003,0.0860212323367477,0.0860212323367477,0,0,0,0,0,0,0.034135633340574734,0.034135633340574734,raw_contexts/proto_sw_3_1__expanded__r2/old_medium.png,raw_contexts/proto_sw_3_1__expanded__r2/h2_medium.png
proto_sw_3_1__expanded__r2,proto_sw_3_1,expanded,2,100005,3912030780,3903492495,1160715944,77923809,rich,166,4109,True,True,,,3.217151200005901,3.130696000000171,0.8,0.69691215,7,6,7.0,6.0,1.660646647,1.487376922,0.1817965572857143,0.16861269916666666,0.1456430342857143,0.16108909283333336,0.7970852999577136,0.5691932446106328,4.00330031664982,4.43188146686,"[0.04191405, 0.102520111, 0.163126172, 0.435853444, 0.496459505, 0.647974657, 0.738883747]","[0.01161102, 0.132823141, 0.223732232, 0.466156475, 0.647974657, 0.738883747]",0.8263837470000001,0.818181818,0.060606060999999996,0.088767768,0.07296733789893188,0.05117114230482698,0,0,0,0,0,0,0.10017314995771365,0.12771890538936714,raw_contexts/proto_sw_3_1__expanded__r2/old_rich.png,raw_contexts/proto_sw_3_1__expanded__r2/h2_rich.png
proto_sw_3_1__compact__r1,proto_sw_3_1,compact,1,100001,1352492862,115976003,302128940,1466878623,simple,184,4284,True,True,,,4.155773900005443,4.133204099998693,0.2,0.231156279,5,6,5.0,6.0,1.4919719099999997,1.328028926,0.2077652962,0.1535290095,0.15314278580000001,0.09285587516666667,0.44021637746275044,0.3736796845735554,4.435940152056,4.527970201993334,"[0.109424023, 0.230636145, 0.321545235, 0.412454326, 0.74578766]","[0.079120993, 0.170030084, 0.260939175, 0.351848266, 0.442757357, 0.74578766]",0.79578766,0.79578766,0.09090909,0.090909091,0.10003586533527646,0.07353154994897387,0,0,0,0,0,0,0.20906009846275045,0.1425234055735554,raw_contexts/proto_sw_3_1__compact__r1/old_simple.png,raw_contexts/proto_sw_3_1__compact__r1/h2_simple.png
proto_sw_3_1__compact__r1,proto_sw_3_1,compact,1,100001,1352492862,115976003,302128940,1466878623,medium,184,4284,True,True,,,4.240817400001106,4.08223060000455,0.5,0.445519212,6,6,6.0,6.0,1.3164017000000001,1.3164017000000001,0.17589434966666664,0.17589434966666664,0.084832916,0.084832916,0.3955329592175992,0.3955329592175992,4.5286754876233335,4.5286754876233335,"[0.079120993, 0.170030084, 0.260939175, 0.351848266, 0.442757357, 0.74578766]","[0.079120993, 0.170030084, 0.260939175, 0.351848266, 0.442757357, 0.74578766]",0.79578766,0.79578766,0.090909091,0.090909091,0.07353154994897387,0.07353154994897387,0,0,0,0,0,0,0.04998625278240082,0.04998625278240082,raw_contexts/proto_sw_3_1__compact__r1/old_medium.png,raw_contexts/proto_sw_3_1__compact__r1/h2_medium.png
proto_sw_3_1__compact__r1,proto_sw_3_1,compact,1,100001,1352492862,115976003,302128940,1466878623,rich,184,4284,True,True,,,4.195402999997896,4.043342899996787,0.8,0.682175453,7,7,7.0,7.0,1.7156760599999998,1.7156760599999998,0.174208534,0.174208534,0.11855261842857143,0.11855261842857143,0.7610799932525784,0.7610799932525784,4.46143211784,4.46143211784,"[0.079120993, 0.170030084, 0.260939175, 0.351848266, 0.442757357, 0.685181599, 0.77609069]","[0.079120993, 0.170030084, 0.260939175, 0.351848266, 0.442757357, 0.685181599, 0.77609069]",0.82609069,0.82609069,0.090909091,0.090909091,0.041087578436347846,0.041087578436347846,0,0,0,0,0,0,0.07890454025257831,0.07890454025257831,raw_contexts/proto_sw_3_1__compact__r1/old_rich.png,raw_contexts/proto_sw_3_1__compact__r1/h2_rich.png
proto_sw_3_1__compact__r2,proto_sw_3_1,compact,2,100004,1033296627,2761789635,3906224916,1967235406,simple,184,4219,True,True,,,4.064634999995178,3.8399540000027628,0.2,0.300375248,5,6,5.0,6.0,1.240844113,1.200062285,0.1640248194,0.115469315,0.14165163819999999,0.11501151150000001,0.2788922745059029,0.3265068954779604,4.469000229386,4.4996299221100005,"[0.049159716, 0.140068807, 0.291583958, 0.412796079, 0.746129413]","[0.049159716, 0.140068807, 0.230977898, 0.382493049, 0.624917292, 0.776432443]",0.791370587,0.838932443,0.090909091,0.08741729200000004,0.03290736785273706,0.06732012624522318,0,0,0,0,0,0,0.021482973494097057,0.02613164747796043,raw_contexts/proto_sw_3_1__compact__r2/old_simple.png,raw_contexts/proto_sw_3_1__compact__r2/h2_simple.png
proto_sw_3_1__compact__r2,proto_sw_3_1,compact,2,100004,1033296627,2761789635,3906224916,1967235406,medium,184,4219,True,True,,,4.062243699998362,3.9214799999972456,0.5,0.474359919,6,6,6.0,6.0,1.517793087,1.3786050079999999,0.17712826033333331,0.18531705916666666,0.12126029483333332,0.100454058,0.550375058460386,0.487737493878024,4.514529343682886,4.499763381773334,"[0.049159716, 0.140068807, 0.230977898, 0.321886988, 0.412796079, 0.746129413]","[0.049159716, 0.140068807, 0.230977898, 0.321886988, 0.412796079, 0.746129413]",0.791370587,0.791370587,0.09090909,0.09090909,0.0325348930881298,0.0756590306012033,0,0,0,0,0,0,0.07601513946038602,0.01337757487802399,raw_contexts/proto_sw_3_1__compact__r2/old_medium.png,raw_contexts/proto_sw_3_1__compact__r2/h2_medium.png
proto_sw_3_1__compact__r2,proto_sw_3_1,compact,2,100004,1033296627,2761789635,3906224916,1967235406,rich,184,4219,True,True,,,3.9296001000038814,3.96847610000259,0.8,0.676755726,7,6,7.0,6.0,1.4333777840000002,1.6143857320000001,0.135565577,0.181771322,0.11366916771428573,0.15892391783333334,0.6023294847881243,0.6242367158405514,4.473498019644286,4.506163729283333,"[0.049159716, 0.140068807, 0.230977898, 0.321886988, 0.412796079, 0.624917292, 0.776432443]","[0.049159716, 0.140068807, 0.230977898, 0.321886988, 0.412796079, 0.746129413]",0.838932443,0.791370587,0.08741729200000004,0.09090909,0.04916302493279804,0.03364601413996315,0,0,0,0,0,0,0.07442624121187569,0.0525190101594486,raw_contexts/proto_sw_3_1__compact__r2/old_rich.png,raw_contexts/proto_sw_3_1__compact__r2/h2_rich.png
proto_sw_3_1__swept__r1,proto_sw_3_1,swept,1,100000,146086172,4157341395,2781254137,4054807205,simple,239,7170,True,True,,,6.640277399994375,6.632446299998264,0.2,0.256941231,5,6,5.0,6.0,1.217534185,1.188144986,0.19800262200000002,0.13640775383333334,0.0980557906,0.09894535950000001,0.2685533597787133,0.3324141815766447,4.481772313134819,4.542668632293333,"[0.108185962, 0.259701114, 0.411216265, 0.683943538, 0.774852629]","[0.108185962, 0.199095053, 0.290004144, 0.441519295, 0.683943538, 0.774852629]",0.824852629,0.824852629,0.090909091,0.090909091,0.07088680939057035,0.038687029960831565,0,0,0,0,0,0,0.011612128778713315,0.07547295057664472,raw_contexts/proto_sw_3_1__swept__r1/old_simple.png,raw_contexts/proto_sw_3_1__swept__r1/h2_simple.png
proto_sw_3_1__swept__r1,proto_sw_3_1,swept,1,100000,146086172,4157341395,2781254137,4054807205,medium,239,7170,True,True,,,6.802321200004371,6.556501700004446,0.5,0.448374993,6,6,6.0,6.0,1.278515091,1.278515091,0.16608325916666666,0.16608325916666666,0.11682188633333335,0.11682188633333335,0.4162731791895264,0.4162731791895264,4.595069181203333,4.595069181203333,"[0.108185962, 0.199095053, 0.290004144, 0.411216265, 0.683943538, 0.774852629]","[0.108185962, 0.199095053, 0.290004144, 0.411216265, 0.683943538, 0.774852629]",0.824852629,0.824852629,0.090909091,0.090909091,0.059186440777237684,0.059186440777237684,0,0,0,0,0,0,0.03210181381047361,0.03210181381047361,raw_contexts/proto_sw_3_1__swept__r1/old_medium.png,raw_contexts/proto_sw_3_1__swept__r1/h2_medium.png
proto_sw_3_1__swept__r1,proto_sw_3_1,swept,1,100000,146086172,4157341395,2781254137,4054807205,rich,239,7170,True,True,,,6.556489800001145,6.081811500000185,0.8,0.688775884,7,7,7.0,7.0,1.6428877430000002,1.6428877430000002,0.19235370942857147,0.19235370942857147,0.09403048342857145,0.09403048342857145,0.725000020395928,0.725000020395928,4.495011509404287,4.495011509404287,"[0.047579901, 0.138488992, 0.229398083, 0.320307174, 0.411216265, 0.683943538, 0.774852629]","[0.047579901, 0.138488992, 0.229398083, 0.320307174, 0.411216265, 0.683943538, 0.774852629]",0.824852629,0.824852629,0.09090909099999997,0.09090909099999997,0.04200152516102516,0.04200152516102516,0,0,0,0,0,0,0.03622413639592803,0.03622413639592803,raw_contexts/proto_sw_3_1__swept__r1/old_rich.png,raw_contexts/proto_sw_3_1__swept__r1/h2_rich.png
proto_sw_3_1__swept__r2,proto_sw_3_1,swept,2,100002,597182601,2971350444,1978891010,1570248508,simple,211,5905,True,True,,,5.1945348999943235,4.98661429999629,0.2,0.224377377,5,6,5.0,6.0,1.2289412899999999,1.1835935469999999,0.15071786280000002,0.14332656733333332,0.1293653964,0.091620885,0.251881432886752,0.34068285410773774,4.442932160736,4.5410313165666665,"[0.044436437, 0.165648558, 0.28686068, 0.37776977, 0.711103104]","[0.044436437, 0.135345528, 0.28686068, 0.37776977, 0.650497043, 0.771709164]",0.7861031039999999,0.846709164,0.09090909000000003,0.09090909000000003,0.05319992414119698,0.09066223137145192,0,0,0,0,0,0,0.027504055886752032,0.11630547710773775,raw_contexts/proto_sw_3_1__swept__r2/old_simple.png,raw_contexts/proto_sw_3_1__swept__r2/h2_simple.png
proto_sw_3_1__swept__r2,proto_sw_3_1,swept,2,100002,597182601,2971350444,1978891010,1570248508,medium,211,5905,True,True,,,5.199423500002013,5.060871600006067,0.5,0.454225474,6,6,6.0,6.0,1.378271519,1.378271519,0.1415198245,0.1415198245,0.0784817225,0.0784817225,0.41911490907106047,0.41911490907106047,4.5658877527233335,4.5658877527233335,"[0.014133407, 0.135345528, 0.226254619, 0.37776977, 0.650497043, 0.771709164]","[0.014133407, 0.135345528, 0.226254619, 0.37776977, 0.650497043, 0.771709164]",0.846709164,0.846709164,0.090909091,0.090909091,0.033599794701348586,0.033599794701348586,0,0,0,0,0,0,0.03511056492893955,0.03511056492893955,raw_contexts/proto_sw_3_1__swept__r2/old_medium.png,raw_contexts/proto_sw_3_1__swept__r2/h2_medium.png
proto_sw_3_1__swept__r2,proto_sw_3_1,swept,2,100002,597182601,2971350444,1978891010,1570248508,rich,211,5905,True,True,,,5.138366299994232,5.20418829999835,0.8,0.698590042,7,7,7.0,7.0,1.675390355,1.5648842829999998,0.17729985385714284,0.16445452285714285,0.110881571,0.11438621100000002,0.7790652194261638,0.7142481199907484,4.493403135554286,4.49061245614,"[0.014133407, 0.135345528, 0.226254619, 0.34746674, 0.438375831, 0.650497043, 0.771709164]","[0.014133407, 0.135345528, 0.256557649, 0.34746674, 0.438375831, 0.650497043, 0.741406134]",0.846709164,0.816406134,0.08662416900000003,0.08662416900000003,0.06311162895533988,0.07810608860472021,0,0,0,0,0,0,0.08047517742616384,0.015658077990748476,raw_contexts/proto_sw_3_1__swept__r2/old_rich.png,raw_contexts/proto_sw_3_1__swept__r2/h2_rich.png
proto_sw_3_2__expanded__r1,proto_sw_3_2,expanded,1,100001,1352492862,115976003,302128940,1466878623,simple,448,27617,True,True,,,20.564360699994722,20.415376899996772,0.2,0.257196973,5,6,5.0,6.0,1.051921142,1.311639971,0.1132946548,0.11842613433333334,0.13616897099999997,0.07801338716666666,0.13127755598439633,0.3380328504868994,4.059846322598,4.06308297962,"[0.06351624, 0.184728361, 0.305940482, 0.639273816, 0.760485937]","[0.06351624, 0.154425331, 0.215031391, 0.548364725, 0.669576846, 0.790788967]",0.860485937,0.852531391,0.04999999999999993,0.04999999999999993,0.05802202299892202,0.03579610618221516,0,0,0,0,0,0,0.12591941701560366,0.08083587748689941,raw_contexts/proto_sw_3_2__expanded__r1/old_simple.png,raw_contexts/proto_sw_3_2__expanded__r1/h2_simple.png
proto_sw_3_2__expanded__r1,proto_sw_3_2,expanded,1,100001,1352492862,115976003,302128940,1466878623,medium,448,27617,True,True,,,20.79385370000091,20.10864369999763,0.5,0.432435315,6,6,6.0,6.0,1.3089428040000002,1.3089428040000002,0.12835730399999998,0.12835730399999998,0.1714017753333333,0.1714017753333333,0.39978480234620184,0.39978480234620184,4.088109627500001,4.088109627500001,"[0.06351624, 0.184728361, 0.305940482, 0.639273816, 0.730182906, 0.790788967]","[0.06351624, 0.184728361, 0.305940482, 0.639273816, 0.730182906, 0.790788967]",0.860726184,0.860726184,0.04999999999999993,0.04999999999999993,0.0417173458451072,0.0417173458451072,0,0,0,0,0,0,0.03265051265379815,0.03265051265379815,raw_contexts/proto_sw_3_2__expanded__r1/old_medium.png,raw_contexts/proto_sw_3_2__expanded__r1/h2_medium.png
proto_sw_3_2__expanded__r1,proto_sw_3_2,expanded,1,100001,1352492862,115976003,302128940,1466878623,rich,448,27617,True,True,,,18.749504300001718,18.232422699999006,0.8,0.663175067,7,7,7.0,7.0,1.578074374,1.578074374,0.15272355771428572,0.15272355771428572,0.15318524728571428,0.15318524728571428,0.6543183543097602,0.6543183543097602,4.11523392629,4.11523392629,"[0.06351624, 0.184728361, 0.305940482, 0.427152603, 0.578667755, 0.699879876, 0.790788967]","[0.06351624, 0.184728361, 0.305940482, 0.427152603, 0.578667755, 0.699879876, 0.790788967]",0.878787879,0.878787879,0.04999999999999993,0.04999999999999993,0.05802202299892202,0.05802202299892202,0,0,0,0,0,0,0.008856712690239799,0.008856712690239799,raw_contexts/proto_sw_3_2__expanded__r1/old_rich.png,raw_contexts/proto_sw_3_2__expanded__r1/h2_rich.png
proto_sw_3_2__expanded__r2,proto_sw_3_2,expanded,2,100004,1033296627,2761789635,3906224916,1967235406,simple,445,25632,True,True,,,21.261911800000235,21.110817400003725,0.2,0.235811818,5,5,5.0,5.0,1.051343765,1.312116492,0.126550905,0.14783524639999998,0.128494543,0.09837073299999999,0.1237032647559409,0.23024779031083573,4.241037452680195,4.238391017270194,"[0.104433677, 0.225645798, 0.619585192, 0.710494283, 0.801403374]","[0.074130646, 0.225645798, 0.558979131, 0.680191253, 0.801403374]",0.8580663230000001,0.848484848,0.0625,0.0625,0.06203687579275094,0.07574735825636829,0,0,0,0,0,0,0.1121085532440591,0.00556402768916428,raw_contexts/proto_sw_3_2__expanded__r2/old_simple.png,raw_contexts/proto_sw_3_2__expanded__r2/h2_simple.png
proto_sw_3_2__expanded__r2,proto_sw_3_2,expanded,2,100004,1033296627,2761789635,3906224916,1967235406,medium,445,25632,True,True,,,21.587734900000214,20.13908210000227,0.5,0.434289228,6,6,6.0,6.0,1.305612903,1.305612903,0.13288652333333334,0.13288652333333334,0.13972649933333334,0.13972649933333334,0.3834585147266286,0.3834585147266286,4.268069008259528,4.268069008259528,"[0.104433677, 0.225645798, 0.46807004, 0.619585192, 0.710494283, 0.801403374]","[0.104433677, 0.225645798, 0.46807004, 0.619585192, 0.710494283, 0.801403374]",0.8580663230000001,0.8580663230000001,0.0625,0.0625,0.06203687579275094,0.06203687579275094,0,0,0,0,0,0,0.05083071327337141,0.05083071327337141,raw_contexts/proto_sw_3_2__expanded__r2/old_medium.png,raw_contexts/proto_sw_3_2__expanded__r2/h2_medium.png
proto_sw_3_2__expanded__r2,proto_sw_3_2,expanded,2,100004,1033296627,2761789635,3906224916,1967235406,rich,445,25632,True,True,,,19.065426499997557,18.99969570000394,0.8,0.668469951,7,7,7.0,7.0,1.5729121309999998,1.571351059,0.11728988842857142,0.15089916928571429,0.10353549799999999,0.1368206692857143,0.5929356139664985,0.6537620751998333,4.302783046954766,4.2911567672561945,"[0.074130646, 0.195342768, 0.316554889, 0.40746398, 0.558979131, 0.680191253, 0.801403374]","[0.074130646, 0.195342768, 0.316554889, 0.46807004, 0.589282162, 0.680191253, 0.771100343]",0.8787878779999999,0.8711003429999999,0.0625,0.0625,0.04356417293162291,0.07380525803697326,0,0,0,0,0,0,0.07553433703350143,0.014707875800166637,raw_contexts/proto_sw_3_2__expanded__r2/old_rich.png,raw_contexts/proto_sw_3_2__expanded__r2/h2_rich.png
proto_sw_3_2__compact__r1,proto_sw_3_2,compact,1,100002,597182601,2971350444,1978891010,1570248508,simple,380,20396,True,True,,,14.557249099998444,14.47848669999803,0.2,0.257251249,5,5,5.0,5.0,1.14130279,1.14130279,0.1486666376,0.1486666376,0.14443490399999998,0.14443490399999998,0.19988262457613531,0.19988262457613531,4.658460981565222,4.658460981565222,"[0.089565922, 0.180475013, 0.392596225, 0.665323498, 0.756232589]","[0.089565922, 0.180475013, 0.392596225, 0.665323498, 0.756232589]",0.831232589,0.831232589,0.09090909099999998,0.09090909099999998,0.09187702395832709,0.09187702395832709,0,0,0,0,0,0,0.0573686244238647,0.0573686244238647,raw_contexts/proto_sw_3_2__compact__r1/old_simple.png,raw_contexts/proto_sw_3_2__compact__r1/h2_simple.png
proto_sw_3_2__compact__r1,proto_sw_3_2,compact,1,100002,597182601,2971350444,1978891010,1570248508,medium,380,20396,True,True,,,14.478297499998007,14.481323700005305,0.5,0.430664932,6,6,6.0,6.0,1.269178494,1.336969287,0.14002734883333334,0.14379225516666666,0.12817855233333333,0.11339677116666667,0.37564353942725215,0.3965876335948591,4.63669810639,4.63025608286,"[0.089565922, 0.180475013, 0.301687134, 0.392596225, 0.665323498, 0.756232589]","[0.089565922, 0.180475013, 0.483505316, 0.604717437, 0.725929558, 0.816838649]",0.831232589,0.835434078,0.09090909099999998,0.09090909099999998,0.09127401516627566,0.08872770826549767,0,0,0,0,0,0,0.05502139257274785,0.0340772984051409,raw_contexts/proto_sw_3_2__compact__r1/old_medium.png,raw_contexts/proto_sw_3_2__compact__r1/h2_medium.png
proto_sw_3_2__compact__r1,proto_sw_3_2,compact,1,100002,597182601,2971350444,1978891010,1570248508,rich,380,20396,True,True,,,14.681159799998568,14.439614100003382,0.8,0.632295497,7,7,7.0,7.0,1.530043121,1.530043121,0.12979921385714285,0.12979921385714285,0.14215111557142857,0.14215111557142857,0.614947800203399,0.614947800203399,4.653658126227143,4.653658126227143,"[0.089565922, 0.180475013, 0.301687134, 0.392596225, 0.544111377, 0.665323498, 0.756232589]","[0.089565922, 0.180475013, 0.301687134, 0.392596225, 0.544111377, 0.665323498, 0.756232589]",0.831232589,0.831232589,0.09090909099999998,0.09090909099999998,0.06384102500245098,0.06384102500245098,0,0,0,0,0,0,0.017347696796600975,0.017347696796600975,raw_contexts/proto_sw_3_2__compact__r1/old_rich.png,raw_contexts/proto_sw_3_2__compact__r1/h2_rich.png
proto_sw_3_2__compact__r2,proto_sw_3_2,compact,2,100003,1160543302,2849337252,1964058663,3521747513,simple,479,30889,True,True,,,25.396000900000217,25.213263900004677,0.2,0.226241269,5,5,5.0,5.0,1.029220938,1.2319371929999998,0.1258584218,0.16086276260000001,0.1330778326,0.15495898440000003,0.08830857975781353,0.22166291851475045,4.64541612767,4.637834896501846,"[0.106105925, 0.197015016, 0.378833198, 0.681863501, 0.833378653]","[0.106105925, 0.197015016, 0.378833198, 0.651560471, 0.772772592]",0.831394075,0.831394075,0.09090909099999998,0.09090909099999998,0.05029797260010241,0.05029797260010241,0,0,0,0,0,0,0.13793268924218646,0.004578350485249544,raw_contexts/proto_sw_3_2__compact__r2/old_simple.png,raw_contexts/proto_sw_3_2__compact__r2/h2_simple.png
proto_sw_3_2__compact__r2,proto_sw_3_2,compact,2,100003,1160543302,2849337252,1964058663,3521747513,medium,479,30889,True,True,,,24.416998699998658,22.198089299999992,0.5,0.432351101,6,6,6.0,6.0,1.2828883549999999,1.52924372,0.13770784716666667,0.1594193856666667,0.11607238583333335,0.14848086600000002,0.3398051987494213,0.4804234466048659,4.660286115333333,4.650332979133333,"[0.106105925, 0.197015016, 0.378833198, 0.53034835, 0.681863501, 0.833378653]","[0.106105925, 0.197015016, 0.439439259, 0.651560471, 0.742469562, 0.833378653]",0.831394075,0.831394075,0.09090909099999998,0.09090909099999998,0.05029797260010241,0.08365511771733476,0,0,0,0,0,0,0.09254590225057874,0.048072345604865896,raw_contexts/proto_sw_3_2__compact__r2/old_medium.png,raw_contexts/proto_sw_3_2__compact__r2/h2_medium.png
proto_sw_3_2__compact__r2,proto_sw_3_2,compact,2,100003,1160543302,2849337252,1964058663,3521747513,rich,479,30889,True,True,,,22.35823420000088,21.21586070000194,0.8,0.665671601,7,7,7.0,7.0,1.56089132,1.56089132,0.15285319042857146,0.15285319042857146,0.13754652414285715,0.13754652414285715,0.6280662228421954,0.6280662228421954,4.663243811128503,4.663243811128503,"[0.106105925, 0.197015016, 0.318227137, 0.439439259, 0.651560471, 0.742469562, 0.833378653]","[0.106105925, 0.197015016, 0.318227137, 0.439439259, 0.651560471, 0.742469562, 0.833378653]",0.831394075,0.831394075,0.09090909099999998,0.09090909099999998,0.037413541726553,0.037413541726553,0,0,0,0,0,0,0.037605378157804625,0.037605378157804625,raw_contexts/proto_sw_3_2__compact__r2/old_rich.png,raw_contexts/proto_sw_3_2__compact__r2/h2_rich.png
proto_sw_3_2__swept__r1,proto_sw_3_2,swept,1,100000,146086172,4157341395,2781254137,4054807205,simple,455,28327,True,True,,,23.594151000004786,23.198728800001845,0.2,0.234201134,5,5,5.0,5.0,1.036245018,1.198214718,0.1377203698,0.16359041419999998,0.0970732032,0.18185194500000001,0.10939263792333634,0.2429120979506442,4.625450894484,4.619314750807947,"[0.099808813, 0.251323964, 0.463445176, 0.675566389, 0.82708154]","[0.130111843, 0.281626995, 0.372536085, 0.645263358, 0.82708154]",0.82708154,0.818181818,0.099808813,0.09090909000000003,0.12143426867918654,0.05034624773572284,0,0,0,0,0,0,0.12480849607666367,0.00871096395064419,raw_contexts/proto_sw_3_2__swept__r1/old_simple.png,raw_contexts/proto_sw_3_2__swept__r1/h2_simple.png
proto_sw_3_2__swept__r1,proto_sw_3_2,swept,1,100000,146086172,4157341395,2781254137,4054807205,medium,455,28327,True,True,,,23.043417599998065,20.61825730000419,0.5,0.428648998,6,6,6.0,6.0,1.287816378,1.311668556,0.14472739616666666,0.15902362716666665,0.133329444,0.14048197016666666,0.38074047787371446,0.408445256042839,4.655554440346667,4.649299244433333,"[0.130111843, 0.281626995, 0.433142146, 0.675566389, 0.79677851, 0.887687601]","[0.099808813, 0.251323964, 0.372536085, 0.493748207, 0.675566389, 0.82708154]",0.848484848,0.82708154,0.090909091,0.099808813,0.07971649787314097,0.09781609526368949,0,0,0,0,0,0,0.04790852012628555,0.020203741957161014,raw_contexts/proto_sw_3_2__swept__r1/old_medium.png,raw_contexts/proto_sw_3_2__swept__r1/h2_medium.png
proto_sw_3_2__swept__r1,proto_sw_3_2,swept,1,100000,146086172,4157341395,2781254137,4054807205,rich,455,28327,True,True,,,21.013350599998375,19.91070729999774,0.8,0.653443241,7,7,7.0,7.0,1.592105692,1.592105692,0.14883601814285713,0.14883601814285713,0.173952521,0.173952521,0.6712268580656584,0.6712268580656584,4.661999918956785,4.661999918956785,"[0.099808813, 0.190717904, 0.281626995, 0.402839116, 0.554354267, 0.705869419, 0.85738457]","[0.099808813, 0.190717904, 0.281626995, 0.402839116, 0.554354267, 0.705869419, 0.85738457]",0.848484848,0.848484848,0.090909091,0.090909091,0.0359790275219787,0.0359790275219787,0,0,0,0,0,0,0.017783617065658452,0.017783617065658452,raw_contexts/proto_sw_3_2__swept__r1/old_rich.png,raw_contexts/proto_sw_3_2__swept__r1/h2_rich.png
proto_sw_3_2__swept__r2,proto_sw_3_2,swept,2,100007,2306796258,3206084945,3756345937,923066240,simple,373,21148,True,True,,,12.976351299999806,12.71116840000468,0.2,0.236112267,5,5,5.0,5.0,1.020481639,1.2664571760000003,0.1573155276,0.15839463199999998,0.1512299134,0.1525995358,0.1572971151219172,0.2559195098558173,4.696087742074,4.678100527813555,"[0.121435299, 0.24264742, 0.485071663, 0.666889845, 0.788101966]","[0.121435299, 0.24264742, 0.485071663, 0.666889845, 0.788101966]",0.8706101549999999,0.8706101549999999,0.08750000000000002,0.08750000000000002,0.06945276779168165,0.06945276779168165,0,0,0,0,0,0,0.07881515187808277,0.01980724285581731,raw_contexts/proto_sw_3_2__swept__r2/old_simple.png,raw_contexts/proto_sw_3_2__swept__r2/h2_simple.png
proto_sw_3_2__swept__r2,proto_sw_3_2,swept,2,100007,2306796258,3206084945,3756345937,923066240,medium,373,21148,True,True,,,12.800096200000553,12.755660599999828,0.5,0.427618361,6,6,6.0,6.0,1.29800343,1.29800343,0.15963019216666666,0.15963019216666666,0.1290566715,0.1290566715,0.40572639215855116,0.40572639215855116,4.671959870736667,4.671959870736667,"[0.091132269, 0.24264742, 0.363859541, 0.485071663, 0.666889845, 0.818404996]","[0.091132269, 0.24264742, 0.363859541, 0.485071663, 0.666889845, 0.818404996]",0.848484849,0.848484849,0.08750000000000002,0.08750000000000002,0.04763522858331245,0.04763522858331245,0,0,0,0,0,0,0.02189196884144884,0.02189196884144884,raw_contexts/proto_sw_3_2__swept__r2/old_medium.png,raw_contexts/proto_sw_3_2__swept__r2/h2_medium.png
proto_sw_3_2__swept__r2,proto_sw_3_2,swept,2,100007,2306796258,3206084945,3756345937,923066240,rich,373,21148,True,True,,,12.857356799999252,12.710756599997694,0.8,0.617872176,7,7,7.0,7.0,1.463105345,1.463105345,0.13156187028571428,0.13156187028571428,0.14556045771428572,0.14556045771428572,0.5925380484291843,0.5925380484291843,4.68001673243,4.68001673243,"[0.121435299, 0.21234439, 0.303253481, 0.485071663, 0.606283784, 0.697192875, 0.818404996]","[0.121435299, 0.21234439, 0.303253481, 0.485071663, 0.606283784, 0.697192875, 0.818404996]",0.877428337,0.877428337,0.08750000000000002,0.08750000000000002,0.043753989891703315,0.043753989891703315,0,0,0,0,0,0,0.025334127570815657,0.025334127570815657,raw_contexts/proto_sw_3_2__swept__r2/old_rich.png,raw_contexts/proto_sw_3_2__swept__r2/h2_rich.png
