source_key,source_page,direct_url,rights_note,filename,size,status
sina_20230514_01,https://cj.sina.com.cn/articles/view/3925604985/pe9fbfa79027021c0b,https://k.sinaimg.cn/n/sinakd20122/365/w1645h1920/20230514/2111-6b681279d6bc869359709a1fdd7c89a9.jpg/w700d1q75cms.jpg,Sina repost; no open licence found; research screening only,sina_20230514_01.jpg,700x817,existing
sina_20230514_02,https://cj.sina.com.cn/articles/view/3925604985/pe9fbfa79027021c0b,https://k.sinaimg.cn/n/sinakd20122/365/w1645h1920/20230514/21c1-bf356f1aac8238015d6fb85abceac21f.jpg/w700d1q75cms.jpg,Sina repost; no open licence found; research screening only,sina_20230514_02.jpg,700x817,existing
sina_20230514_03,https://cj.sina.com.cn/articles/view/3925604985/pe9fbfa79027021c0b,https://k.sinaimg.cn/n/sinakd20122/365/w1645h1920/20230514/6611-7185846593e60e81d96b6b761f600637.jpg/w700d1q75cms.jpg,Sina repost; no open licence found; research screening only,sina_20230514_03.jpg,700x817,existing
sina_20230514_04,https://cj.sina.com.cn/articles/view/3925604985/pe9fbfa79027021c0b,https://k.sinaimg.cn/n/sinakd20122/365/w1645h1920/20230514/f74e-a84b6995a64c6eb0f8900cea0f764aaf.jpg/w700d1q75cms.jpg,Sina repost; no open licence found; research screening only,sina_20230514_04.jpg,700x817,existing
sina_20230514_05,https://cj.sina.com.cn/articles/view/3925604985/pe9fbfa79027021c0b,https://k.sinaimg.cn/n/sinakd20122/365/w1645h1920/20230514/fcb6-c4d9c61106cd06461781648222eefbcd.jpg/w700d1q75cms.jpg,Sina repost; no open licence found; research screening only,sina_20230514_05.jpg,700x817,existing
sina_20230514_06,https://cj.sina.com.cn/articles/view/3925604985/pe9fbfa79027021c0b,https://k.sinaimg.cn/n/sinakd20122/365/w1645h1920/20230514/478e-5c930f71d7b0351d8e9f258f74d5ef9a.jpg/w700d1q75cms.jpg,Sina repost; no open licence found; research screening only,sina_20230514_06.jpg,700x817,existing
sina_20230514_07,https://cj.sina.com.cn/articles/view/3925604985/pe9fbfa79027021c0b,https://k.sinaimg.cn/n/sinakd20122/365/w1645h1920/20230514/e114-fe3f1c3404045f917d0b7597751bfede.jpg/w700d1q75cms.jpg,Sina repost; no open licence found; research screening only,sina_20230514_07.jpg,700x817,existing
sina_20230514_08,https://cj.sina.com.cn/articles/view/3925604985/pe9fbfa79027021c0b,https://k.sinaimg.cn/n/sinakd20122/365/w1645h1920/20230514/111a-6a7c8a1588df25e6ddaea23bceb2e4b4.jpg/w700d1q75cms.jpg,Sina repost; no open licence found; research screening only,sina_20230514_08.jpg,700x817,existing
sina_20230514_09,https://cj.sina.com.cn/articles/view/3925604985/pe9fbfa79027021c0b,https://k.sinaimg.cn/n/sinakd20122/365/w1645h1920/20230514/5fb8-90de6f362aa52859ab728cb0f57969bb.jpg/w700d1q75cms.jpg,Sina repost; no open licence found; research screening only,sina_20230514_09.jpg,700x817,existing
sohu_daguan_20241021_01,https://www.sohu.com/a/818645845_120910862,https://q6.itc.cn/images01/20241021/9ffd27496b5145ec8f1ab9045bb6cf67.jpeg,Guangdong Daguan Museum article via Sohu; research screening only,sohu_daguan_20241021_01.jpg,989x412,existing
sohu_daguan_20241021_02,https://www.sohu.com/a/818645845_120910862,https://q5.itc.cn/images01/20241021/08553a98a0c142b6bcb43957f39e6019.jpeg,Guangdong Daguan Museum article via Sohu; research screening only,sohu_daguan_20241021_02.jpg,640x251,existing
sohu_daguan_20241021_03,https://www.sohu.com/a/818645845_120910862,https://q1.itc.cn/images01/20241021/3176df5675c5484a97bb4cf3e8dbd3da.jpeg,Guangdong Daguan Museum article via Sohu; research screening only,sohu_daguan_20241021_03.jpg,635x491,existing
sohu_daguan_20241021_04,https://www.sohu.com/a/818645845_120910862,https://q7.itc.cn/images01/20241021/b47db30d50bc4d81a7ab941a9e1d8bbe.jpeg,Guangdong Daguan Museum article via Sohu; research screening only,sohu_daguan_20241021_04.jpg,500x200,existing
sohu_daguan_20241021_05,https://www.sohu.com/a/818645845_120910862,https://q8.itc.cn/images01/20241021/2dae331518dc47f6aa4bfbabe2eefaba.jpeg,Guangdong Daguan Museum article via Sohu; research screening only,sohu_daguan_20241021_05.jpg,1080x1080,existing
sohu_daguan_20241021_06,https://www.sohu.com/a/818645845_120910862,https://q3.itc.cn/images01/20241021/6c76a301a40744a3b5436ad4a1af002c.jpeg,Guangdong Daguan Museum article via Sohu; research screening only,sohu_daguan_20241021_06.jpg,690x459,existing
sohu_daguan_20241021_07,https://www.sohu.com/a/818645845_120910862,https://q4.itc.cn/images01/20241021/c46a5c3cab934d6a99b050b7647a596c.jpeg,Guangdong Daguan Museum article via Sohu; research screening only,sohu_daguan_20241021_07.jpg,438x290,existing
sohu_daguan_20241021_08,https://www.sohu.com/a/818645845_120910862,https://q4.itc.cn/images01/20241021/c3ca4db49b73447397145ce68fe26d92.jpeg,Guangdong Daguan Museum article via Sohu; research screening only,sohu_daguan_20241021_08.jpg,615x409,existing
sohu_daguan_20241021_09,https://www.sohu.com/a/818645845_120910862,https://q5.itc.cn/images01/20241021/a60c58e02c704b0bb06072940722eaea.jpeg,Guangdong Daguan Museum article via Sohu; research screening only,sohu_daguan_20241021_09.jpg,350x233,existing
sohu_daguan_20241021_10,https://www.sohu.com/a/818645845_120910862,https://q4.itc.cn/images01/20241021/4a58fd84a65b416389ed53d1d816bd27.jpeg,Guangdong Daguan Museum article via Sohu; research screening only,sohu_daguan_20241021_10.jpg,640x426,existing
sohu_aurora_20201022_01,https://www.sohu.com/a/426496652_786042,https://p6.itc.cn/q_70/images03/20201022/706d10adc7d84d9c9209bfd742ca2399.jpeg,Aurora Museum article via Sohu; research screening only,sohu_aurora_20201022_01.jpg,800x600,existing
sohu_aurora_20201022_02,https://www.sohu.com/a/426496652_786042,https://p8.itc.cn/q_70/images03/20201022/b1fac281ddd54998bb8c055dd6b0e64a.jpeg,Aurora Museum article via Sohu; research screening only,sohu_aurora_20201022_02.jpg,600x400,existing
sohu_aurora_20201022_03,https://www.sohu.com/a/426496652_786042,https://p2.itc.cn/q_70/images03/20201022/64fbf60c4d934aee834dad611d740e6e.jpeg,Aurora Museum article via Sohu; research screening only,sohu_aurora_20201022_03.jpg,600x400,existing
sohu_aurora_20201022_04,https://www.sohu.com/a/426496652_786042,https://p6.itc.cn/q_70/images03/20201022/6694e58561844cb5a069bd77f21e419f.jpeg,Aurora Museum article via Sohu; research screening only,sohu_aurora_20201022_04.jpg,600x400,existing
sohu_aurora_20201022_05,https://www.sohu.com/a/426496652_786042,https://p2.itc.cn/q_70/images03/20201022/4ba8343c330b4394835366d385b68f3e.jpeg,Aurora Museum article via Sohu; research screening only,sohu_aurora_20201022_05.jpg,600x400,existing
