"source","destination","width","height","aspect","saturation","white_fraction","dark_fraction","sha256","status","reason","near_match"
"data\source_candidates\web_independent_batch4_20260715\sina_rows\sina_01_sheet01_row01.png","candidate_001__sina_01_sheet01_row01.png","647","112","5.7768","0.0","0.7873","0.072","68b067f55437ac00eed8b67e41b222931a06903674278b8411e3abce61e230a4","kept_for_visual_review","",""
"data\source_candidates\web_independent_batch4_20260715\sina_rows\sina_02_sheet01_row02.png","candidate_002__sina_02_sheet01_row02.png","648","142","4.5634","0.0","0.7963","0.0669","258bcbe149f2023e164845a5c72dd32f52225f925641e43f930599795e32c370","kept_for_visual_review","",""
"data\source_candidates\web_independent_batch4_20260715\sina_rows\sina_03_sheet01_row03.png","candidate_003__sina_03_sheet01_row03.png","648","117","5.5385","0.0","0.7659","0.073","8655271be236a21fcffdbb31d1b90f9a14c6fadbc5eaf429c37d0841ef50ffc6","kept_for_visual_review","",""
"data\source_candidates\web_independent_batch4_20260715\sina_rows\sina_04_sheet01_row04.png","candidate_004__sina_04_sheet01_row04.png","647","103","6.2816","0.0","0.7147","0.1094","b1748e2ef8e595f2d16a3541c275807918535b0e5ce91bcd0deedc9f8d21c36b","kept_for_visual_review","",""
"data\source_candidates\web_independent_batch4_20260715\sina_rows\sina_05_sheet02_row01.png","candidate_005__sina_05_sheet02_row01.png","611","156","3.9167","0.0","0.7274","0.1069","69f37078a10ece88dde0b07e259817f3e6bf9fbef7ba611469d782ace15e2f81","kept_for_visual_review","",""
"data\source_candidates\web_independent_batch4_20260715\sina_rows\sina_06_sheet02_row02.png","candidate_006__sina_06_sheet02_row02.png","610","123","4.9593","0.0","0.7385","0.104","61e7311ea9fc333d7ec8abc1ffe660c991b69cc2e5463aa14538099c0ab4c7cf","kept_for_visual_review","",""
"data\source_candidates\web_independent_batch4_20260715\sina_rows\sina_07_sheet02_row03.png","candidate_007__sina_07_sheet02_row03.png","610","120","5.0833","0.0","0.7765","0.0919","e5ece31563050320adc9b032ce8e36623ea04f282e079c018bbc6f84f90ec3f8","kept_for_visual_review","",""
"data\source_candidates\web_independent_batch4_20260715\sina_rows\sina_08_sheet02_row04.png","candidate_008__sina_08_sheet02_row04.png","611","112","5.4554","0.0","0.7805","0.0889","85caa3ca7a85092963558003d5a2529865eaf3f45520f16914bd45a7e240dc3c","kept_for_visual_review","",""
"data\source_candidates\web_independent_batch4_20260715\sina_rows\sina_09_sheet03_row01.png","candidate_009__sina_09_sheet03_row01.png","676","112","6.0357","0.0","0.7095","0.1069","e929eb0521c06a091375da2157d6620b488dd95ce7f29f73f958df4e09069af3","kept_for_visual_review","",""
"data\source_candidates\web_independent_batch4_20260715\sina_rows\sina_10_sheet03_row02.png","candidate_010__sina_10_sheet03_row02.png","676","96","7.0417","0.0","0.7874","0.0761","87becec8d37421f0790ca71cf7dff127ae06c7d1ad1c7ec3ad372a40f9c5bd30","kept_for_visual_review","",""
"data\source_candidates\web_independent_batch4_20260715\sina_rows\sina_11_sheet03_row03.png","candidate_011__sina_11_sheet03_row03.png","676","103","6.5631","0.0","0.7458","0.0961","33d17e98c9e45c7677387757a8cab48b7892da0e62797a4f489ca40bf40eb7b0","kept_for_visual_review","",""
"data\source_candidates\web_independent_batch4_20260715\sina_rows\sina_12_sheet03_row04.png","candidate_012__sina_12_sheet03_row04.png","676","130","5.2","0.0","0.7134","0.109","2c1d30fcf914f1f8c7086bd7d4c6052d9c92fca04df210af28e05c6a38564c20","kept_for_visual_review","",""
"data\source_candidates\web_independent_batch4_20260715\sina_rows\sina_13_sheet03_row05.png","candidate_013__sina_13_sheet03_row05.png","676","128","5.2812","0.0","0.745","0.0933","77a19e8a1fd2905d6dc22cd5e5de1559b74737b366f57d453d5612e8d40dbe99","kept_for_visual_review","",""
"data\source_candidates\web_independent_batch4_20260715\sina_rows\sina_14_sheet04_row01.png","candidate_014__sina_14_sheet04_row01.png","676","171","3.9532","0.0","0.786","0.0575","73ef9fe4bfc620e0356d123afe7bce9db657cabec37f352a67817c7a80f8016e","kept_for_visual_review","",""
"data\source_candidates\web_independent_batch4_20260715\sina_rows\sina_15_sheet04_row02.png","candidate_015__sina_15_sheet04_row02.png","643","130","4.9462","0.0","0.7694","0.0755","463955d79dcc5f6fca6e9d0e9eabed8165598876b2bcd402b7910e43c6b7914c","kept_for_visual_review","",""
"data\source_candidates\web_independent_batch4_20260715\sina_rows\sina_16_sheet04_row03.png","candidate_016__sina_16_sheet04_row03.png","642","171","3.7544","0.0","0.8689","0.045","4eb9c4668674e1ea48579aecceff6975c3392de337417975f13904d4b21aa030","kept_for_visual_review","",""
"data\source_candidates\web_independent_batch4_20260715\sina_rows\sina_17_sheet04_row04.png","candidate_017__sina_17_sheet04_row04.png","643","166","3.8735","0.0","0.8342","0.056","9b89d4460e47a79bb66bc99ce68d427c86986df0d5dd6b14c68072a07a163a02","kept_for_visual_review","",""
"data\source_candidates\web_independent_batch4_20260715\sina_rows\sina_18_sheet05_row01.png","candidate_018__sina_18_sheet05_row01.png","669","97","6.8969","0.0","0.8158","0.0677","603169f0010c4361ff16c36435d931d87ff5c503e6eaf1d75965986a0bc1fda2","kept_for_visual_review","",""
"data\source_candidates\web_independent_batch4_20260715\sina_rows\sina_19_sheet05_row02.png","candidate_019__sina_19_sheet05_row02.png","669","89","7.5169","0.0","0.7817","0.0815","c0672fdcf8d0b81565a695402c88bd7afadd3bbdd4483c22c665c1e9073649ec","kept_for_visual_review","",""
"data\source_candidates\web_independent_batch4_20260715\sina_rows\sina_20_sheet05_row03.png","candidate_020__sina_20_sheet05_row03.png","669","94","7.117","0.0","0.7242","0.1026","7a06e0122097a51b5bebde7a0f61f1fbb42544f71ee44b1b9b4861b4776acab2","kept_for_visual_review","",""
"data\source_candidates\web_independent_batch4_20260715\sina_rows\sina_21_sheet05_row04.png","candidate_021__sina_21_sheet05_row04.png","668","88","7.5909","0.0","0.8123","0.0748","720c3b8984a38df32a0601aae9138c7a563fb908225327c0f99dca792d6c4907","kept_for_visual_review","",""
"data\source_candidates\web_independent_batch4_20260715\sina_rows\sina_22_sheet05_row05.png","candidate_022__sina_22_sheet05_row05.png","669","82","8.1585","0.0","0.76","0.1015","117d63de3cdb5e67f7e29415c1e8d69602817eec13e3a0b9286da35de9cb2f52","kept_for_visual_review","",""
"data\source_candidates\web_independent_batch4_20260715\sina_rows\sina_23_sheet06_row01.png","candidate_023__sina_23_sheet06_row01.png","676","78","8.6667","0.0","0.7902","0.0623","84371d31e62b2d5f6a71d77d7673c90e38f7e91641c0094f86fdcea7768d2834","kept_for_visual_review","",""
"data\source_candidates\web_independent_batch4_20260715\sina_rows\sina_24_sheet06_row02.png","candidate_024__sina_24_sheet06_row02.png","676","109","6.2018","0.0","0.7798","0.0675","f5100354d7f548bea243977451caf06e5e57342e96fd8704b7de37c32467fad8","kept_for_visual_review","",""
"data\source_candidates\web_independent_batch4_20260715\sina_rows\sina_25_sheet06_row03.png","candidate_025__sina_25_sheet06_row03.png","676","109","6.2018","0.0","0.7507","0.0716","3cbe0ede2fc2785e75b316522deea11b2a5ce31034da49832801565fe2ace704","kept_for_visual_review","",""
"data\source_candidates\web_independent_batch4_20260715\sina_rows\sina_26_sheet06_row04.png","candidate_026__sina_26_sheet06_row04.png","676","113","5.9823","0.0","0.7672","0.0733","3af6f8f0d68f58024d71b802cfc420c51fd170021196680dbf63a4b37a8b08a9","kept_for_visual_review","",""
"data\source_candidates\web_independent_batch4_20260715\sina_rows\sina_27_sheet06_row05.png","candidate_027__sina_27_sheet06_row05.png","676","105","6.4381","0.0","0.6657","0.0918","3b885dcbff35fbbe05540ac9bf4d41e7ab11e526fa0344b9c12d31d27cfd11c2","kept_for_visual_review","",""
"data\source_candidates\web_independent_batch4_20260715\sina_rows\sina_28_sheet07_row01.png","candidate_028__sina_28_sheet07_row01.png","676","115","5.8783","0.0","0.7806","0.0653","2c6721db77e954702c415160a860226f9a58f117f1fc2e76c20bad54ecb7e32b","kept_for_visual_review","",""
"data\source_candidates\web_independent_batch4_20260715\sina_rows\sina_29_sheet07_row02.png","candidate_029__sina_29_sheet07_row02.png","675","116","5.819","0.0","0.7868","0.0631","763bb9d9086326ae6f7aab4fca1c002e7ec43bfab83f220738bf2a254c3a587b","kept_for_visual_review","",""
"data\source_candidates\web_independent_batch4_20260715\sina_rows\sina_30_sheet07_row03.png","candidate_030__sina_30_sheet07_row03.png","676","106","6.3774","0.0","0.7917","0.0621","1f84b619d6851af91c3af0cbbc0ede0b24a20de4edb37569c8de16fa138761f0","kept_for_visual_review","",""
"data\source_candidates\web_independent_batch4_20260715\sina_rows\sina_31_sheet07_row04.png","candidate_031__sina_31_sheet07_row04.png","676","104","6.5","0.0","0.7318","0.0849","8fa94acae0b38c280853b2caf41ccda72468609c9799489b26d6c27cb40ccb4d","kept_for_visual_review","",""
"data\source_candidates\web_independent_batch4_20260715\sina_rows\sina_32_sheet07_row05.png","candidate_032__sina_32_sheet07_row05.png","676","103","6.5631","0.0","0.7229","0.0863","a2b19a91a08c5083271605757aab105348d66cdde9d54c839363e3b1475e5612","kept_for_visual_review","",""
"data\source_candidates\web_independent_batch4_20260715\sina_rows\sina_33_sheet08_row01.png","candidate_033__sina_33_sheet08_row01.png","654","104","6.2885","0.0","0.7359","0.0993","3723d513c798b0814cb6a518d9d681d886ff89e6a88dad2fed72fcb3d06c6aa0","kept_for_visual_review","",""
"data\source_candidates\web_independent_batch4_20260715\sina_rows\sina_34_sheet08_row02.png","candidate_034__sina_34_sheet08_row02.png","655","106","6.1792","0.0","0.683","0.1275","e4a8507765ff3664e3fa9ea0efaa33dd3f2b66b29ad556fe7bd09a44d54de6eb","kept_for_visual_review","",""
"data\source_candidates\web_independent_batch4_20260715\sina_rows\sina_35_sheet08_row03.png","candidate_035__sina_35_sheet08_row03.png","656","110","5.9636","0.0","0.7413","0.1012","086592db3be3f887c48f3b77785346758f5c04aa3c29fa211d4ce1531e2be28b","kept_for_visual_review","",""
"data\source_candidates\web_independent_batch4_20260715\sina_rows\sina_36_sheet08_row04.png","candidate_036__sina_36_sheet08_row04.png","654","96","6.8125","0.0","0.8018","0.0825","290514e5276758f462733d551817b2bb1fee0a793d05e7e4e75dd40c28f7a85a","kept_for_visual_review","",""
"data\source_candidates\web_independent_batch4_20260715\sina_rows\sina_37_sheet08_row05.png","candidate_037__sina_37_sheet08_row05.png","660","77","8.5714","0.0","0.7079","0.1264","b546d6b99896d605c4736c18591e9484cf7439112d8d4cef394f4051cbb5c168","kept_for_visual_review","",""
"data\source_candidates\web_independent_batch4_20260715\sina_rows\sina_38_sheet09_row01.png","candidate_038__sina_38_sheet09_row01.png","656","129","5.0853","0.0","0.7354","0.1028","02c012fcb7ab8644df0a472eb483b1236358cbfef0829cb459f137da36c85955","kept_for_visual_review","",""
"data\source_candidates\web_independent_batch4_20260715\sina_rows\sina_39_sheet09_row02.png","candidate_039__sina_39_sheet09_row02.png","657","144","4.5625","0.0","0.7556","0.095","495f700f6492d548f9558bb73b74ab096de79b8a0435cc69b0dd253353b1848f","kept_for_visual_review","",""
"data\source_candidates\web_independent_batch4_20260715\sina_rows\sina_40_sheet09_row03.png","candidate_040__sina_40_sheet09_row03.png","657","157","4.1847","0.0","0.7516","0.0922","6fffde128d1edc3de0b0268132a29fbd656e71bcf5b95f1d6fee295921034251","kept_for_visual_review","",""
"data\source_candidates\web_independent_batch4_20260715\sina_rows\sina_41_sheet09_row04.png","candidate_041__sina_41_sheet09_row04.png","656","162","4.0494","0.0","0.7238","0.1018","73e23110a96ba8abd48b2bea819e2fc57cfc254798b29120a04141aaa026364d","kept_for_visual_review","",""
