file,object_id,title,object_name,classification,medium,date,culture,source_page,image_url,rights
met_334058.jpg,334058,"Illustrated Tariff of the Improved Papier-Mâché Picture Frames, also, Enriched Mouldings, made by machinery in twelve feet lengths, without join",Book ; Ornament and architecture,Books,"Illustrations: wood engraving, lithographs",[about 1847],,https://www.metmuseum.org/art/collection/search/334058,https://images.metmuseum.org/CRDImages/dp/web-large/DP207381.jpg,The Met Open Access; Public Domain
met_336023.jpg,336023,Ornamental Design,Drawing,Drawings,Pen and brown ink; border in brush and brown wash,ca. 1694,,https://www.metmuseum.org/art/collection/search/336023,https://images.metmuseum.org/CRDImages/dp/web-large/DP800557.jpg,The Met Open Access; Public Domain
met_336169.jpg,336169,Foliate Ornament,Print,Prints,Engraving,ca. 1465–90,,https://www.metmuseum.org/art/collection/search/336169,https://images.metmuseum.org/CRDImages/dp/web-large/DP819997.jpg,The Met Open Access; Public Domain
met_336532.jpg,336532,The Infant Saint John the Baptist with the Infant Christ in the Wilderness (recto); Fragment of Architectural Design with Engaged Corinthian Columns (verso),Drawing,Drawings,"Pen and light brown ink, selectively reinforced with dark brown ink, over black chalk underdrawing. Border lines in the same brown ink (recto). Fragment of architectural design with engaged Corinthian columns. Pen and light brown ink over ruling in black chalk (verso). On off-white paper",ca. 1700–50,,https://www.metmuseum.org/art/collection/search/336532,https://images.metmuseum.org/CRDImages/dp/web-large/DP800525.jpg,The Met Open Access; Public Domain
met_340247.jpg,340247,Design for a Ceiling Painting,Drawing,Drawings,Black chalk; squared (with numbers along left border) in black chalk,18th century,,https://www.metmuseum.org/art/collection/search/340247,https://images.metmuseum.org/CRDImages/dp/web-large/DP803008.jpg,The Met Open Access; Public Domain
met_343264.jpg,343264,Design for a Church Ceiling,Drawing,Drawings,"Pen and brown ink, brush and brown, gray, and colored was (red, blue and green), over traces of black chalk; Border in pen and brown ink",1700–1762,,https://www.metmuseum.org/art/collection/search/343264,https://images.metmuseum.org/CRDImages/dp/web-large/DP801599.jpg,The Met Open Access; Public Domain
met_343300.jpg,343300,Study for an Ornamental Panel,Drawing,Drawings,"Pen and gray ink, brush and wash, black chalk. Border lines in black chalk.",n.d.,,https://www.metmuseum.org/art/collection/search/343300,https://images.metmuseum.org/CRDImages/dp/web-large/DP808389.jpg,The Met Open Access; Public Domain
met_355281.jpg,355281,Mascarade à la Grecque; Suite des Vases; and [Cheminées],Book Ornament & Architecture,Books,Etching,"1771, 1764",,https://www.metmuseum.org/art/collection/search/355281,https://images.metmuseum.org/CRDImages/dp/web-large/DP104573.jpg,The Met Open Access; Public Domain
met_363553.jpg,363553,Floral Border Design,Drawing ; Ornament and architecture,Drawings,Watercolor over pen and brown ink with touches of gold and gouache (bodycolor),1830–62,,https://www.metmuseum.org/art/collection/search/363553,https://images.metmuseum.org/CRDImages/dp/web-large/DP801150.jpg,The Met Open Access; Public Domain
met_363562.jpg,363562,"Illuminated Leaf with Initial ""E"" (recto); Vine Border (verso)",Drawing ; Ornament and architecture,Drawings,"Recto: pen and colored inks over graphite with touches of gold and gouache (bodycolor)
Verso: pen and black and red ink, graphite",1830–62,,https://www.metmuseum.org/art/collection/search/363562,https://images.metmuseum.org/CRDImages/dp/web-large/DP801147.jpg,The Met Open Access; Public Domain
met_363568.jpg,363568,Decorated Border,Drawing ; Ornament and architecture,Drawings,Watercolor and gouache (bodycolor),1830–62,,https://www.metmuseum.org/art/collection/search/363568,https://images.metmuseum.org/CRDImages/dp/web-large/DP805663.jpg,The Met Open Access; Public Domain
met_363569.jpg,363569,Decorated Border,Drawing ; Ornament and architecture,Drawings,Watercolor and gouache (bodycolor),1830–62,,https://www.metmuseum.org/art/collection/search/363569,https://images.metmuseum.org/CRDImages/dp/web-large/DP805662.jpg,The Met Open Access; Public Domain
met_363599.jpg,363599,"Ornamental Lion Composed of Scrolls, Holding Pens",Drawing  ; Ornament and Architecture,Drawings,Pen and ink,18th century,,https://www.metmuseum.org/art/collection/search/363599,https://images.metmuseum.org/CRDImages/dp/web-large/DP820962.jpg,The Met Open Access; Public Domain
met_367190.jpg,367190,Classical Molding with Human Head at the Center Surrounded by Leaves and Vines,Drawing ; Ornament and Architecture,Drawings,Graphite,1776–79,,https://www.metmuseum.org/art/collection/search/367190,https://images.metmuseum.org/CRDImages/dp/web-large/DP804422.jpg,The Met Open Access; Public Domain
met_367191.jpg,367191,"Classical Molding with Human Head, Leaves, Vines and Empty Roundels (recto); Detail of Classical Molding with Eagle In front of a Wreath with Ribbon Below (verso)",Drawing ; Ornament and Architecture,Drawings,Graphite,1776–79,,https://www.metmuseum.org/art/collection/search/367191,https://images.metmuseum.org/CRDImages/dp/web-large/DP804416.jpg,The Met Open Access; Public Domain
met_367192.jpg,367192,Classical Border Elements with Vines and Leaves,Drawing ; Ornament and Architecture,Drawings,Graphite,1776–79,,https://www.metmuseum.org/art/collection/search/367192,https://images.metmuseum.org/CRDImages/dp/web-large/DP804433.jpg,The Met Open Access; Public Domain
met_367193.jpg,367193,Classical Design Element with Leaves and Vines,Drawing ; Ornament and Architecture,Drawings,Graphite,1776–79,,https://www.metmuseum.org/art/collection/search/367193,https://images.metmuseum.org/CRDImages/dp/web-large/DP804418.jpg,The Met Open Access; Public Domain
met_367194.jpg,367194,"Border Design from a Classical Frieze, Decorated with Vines and Leaves",Drawing ; Ornament and Architecture,Drawings,Graphite,1776–79,,https://www.metmuseum.org/art/collection/search/367194,https://images.metmuseum.org/CRDImages/dp/web-large/DP804426.jpg,The Met Open Access; Public Domain
met_367203.jpg,367203,"Three Frieze Designs with Young Satyrs, Leaves, Vines, and Putti",Drawing ; Ornament and Architecture,Drawings,Graphite,1776–79,,https://www.metmuseum.org/art/collection/search/367203,https://images.metmuseum.org/CRDImages/dp/web-large/DP804424.jpg,The Met Open Access; Public Domain
met_384287.jpg,384287,A Stapelia Variegata,Drawing,Drawings,"Watercolor and gouache on vellum, border lines in gold",17th century,,https://www.metmuseum.org/art/collection/search/384287,https://images.metmuseum.org/CRDImages/dp/web-large/DP804153.jpg,The Met Open Access; Public Domain
met_385043.jpg,385043,Partial design for ceiling with a border of flowers,Drawing,Drawings,"graphite, pen and ink, watercolor, and gouache on wove paper",1830–97,,https://www.metmuseum.org/art/collection/search/385043,https://images.metmuseum.org/CRDImages/dp/web-large/DP811401.jpg,The Met Open Access; Public Domain
met_385274.jpg,385274,Design for decorative border,Drawing,Drawings,"Graphite, pen and ink, and watercolor on wove paper; mounted on wove paper",1830–97,,https://www.metmuseum.org/art/collection/search/385274,https://images.metmuseum.org/CRDImages/dp/web-large/DP811821.jpg,The Met Open Access; Public Domain
met_386263.jpg,386263,"Design for the treatment of a wall with a pattern of lattices, vines, and bamboo",Drawing,Drawings,,second half 19th century,,https://www.metmuseum.org/art/collection/search/386263,https://images.metmuseum.org/CRDImages/dp/web-large/DP811714.jpg,The Met Open Access; Public Domain
met_386267.jpg,386267,Design for a ceiling with lattice work and flowering vines,Drawing Ornament & Architecture,Drawings,"Graphite, pen and ink, and watercolor on laid paper; mounted on blue wove paper",second half 19th century,,https://www.metmuseum.org/art/collection/search/386267,https://images.metmuseum.org/CRDImages/dp/web-large/DP876914.jpg,The Met Open Access; Public Domain
met_386715.jpg,386715,Floral and Foliate Ornamented Metal Keyplate Design,Drawing; Ornament and architecture,Drawings,Graphite,second half 19th century,,https://www.metmuseum.org/art/collection/search/386715,https://images.metmuseum.org/CRDImages/dp/web-large/DP806698.jpg,The Met Open Access; Public Domain
met_386851.jpg,386851,Design for a Sofa with Foliate Ornament,Drawing ; Ornament and Architecture,Drawings,Graphite,early 19th century,,https://www.metmuseum.org/art/collection/search/386851,https://images.metmuseum.org/CRDImages/dp/web-large/DP807195.jpg,The Met Open Access; Public Domain
met_386854.jpg,386854,Design for Two Round Tables with Foliate Rococo Style Carving,Drawing ; Ornament and Architecture,Drawings,"Pen and ink, brush and yellow wash or watercolor",early 19th century,,https://www.metmuseum.org/art/collection/search/386854,https://images.metmuseum.org/CRDImages/dp/web-large/DP807005.jpg,The Met Open Access; Public Domain
met_386855.jpg,386855,Design for Two Round Tables with Foliate Rococo Style Carving,Drawing ; Ornament and Architecture,Drawings,"Pen and gray ink, brush and yellow wash or watercolor",early 19th century,,https://www.metmuseum.org/art/collection/search/386855,https://images.metmuseum.org/CRDImages/dp/web-large/DP807006.jpg,The Met Open Access; Public Domain
met_386900.jpg,386900,Design for a Mirrored Sideboard with Diminishing Legs and Foliate Ornament,Drawing ; Ornament and Architecture,Drawings,"Pen and ink, brush and wash",early 19th century,,https://www.metmuseum.org/art/collection/search/386900,https://images.metmuseum.org/CRDImages/dp/web-large/DP807294.jpg,The Met Open Access; Public Domain
met_386958.jpg,386958,Design for Four Brackets with Foliate and Rocaille Ornament,Drawing ; Ornament and  Architecture,Drawings,"Pen and ink, brush and wash",early 19th century,,https://www.metmuseum.org/art/collection/search/386958,https://images.metmuseum.org/CRDImages/dp/web-large/DP807265.jpg,The Met Open Access; Public Domain
met_389382.jpg,389382,Overall Pattern of Acanthus Scrolls,Drawing; Ornament & Architecture,Drawings,"Brush and gray-brown wash, over graphite",17th century,,https://www.metmuseum.org/art/collection/search/389382,https://images.metmuseum.org/CRDImages/dp/web-large/DP802608.jpg,The Met Open Access; Public Domain
met_389384.jpg,389384,Acanthus Scroll,Drawing; Ornament & Architecture,Drawings,"Brush and brown wash, over graphite or black chalk",17th century,,https://www.metmuseum.org/art/collection/search/389384,https://images.metmuseum.org/CRDImages/dp/web-large/DP802610.jpg,The Met Open Access; Public Domain
met_391736.jpg,391736,"Designs for borders and corners, acanthus",Drawing ; Ornament and Architecture,Drawings,"Pen and ink, graphite",1830–1904,,https://www.metmuseum.org/art/collection/search/391736,https://images.metmuseum.org/CRDImages/dp/web-large/DP805870.jpg,The Met Open Access; Public Domain
met_391737.jpg,391737,"Designs for borders and corners, acanthus",Drawing ; Ornament and Architecture,Drawings,Graphite,1830–1904,,https://www.metmuseum.org/art/collection/search/391737,https://images.metmuseum.org/CRDImages/dp/web-large/DP805872.jpg,The Met Open Access; Public Domain
met_391738.jpg,391738,"Designs for borders and corners, acanthus",Drawing ; Ornament and Architecture,Drawings,"Pen and ink, graphite",1830–1904,,https://www.metmuseum.org/art/collection/search/391738,https://images.metmuseum.org/CRDImages/dp/web-large/DP805766.jpg,The Met Open Access; Public Domain
met_391739.jpg,391739,"Designs for borders and corners, acanthus",Drawing ; Ornament and Architecture,Drawings,"Pen and ink, graphite",1830–1904,,https://www.metmuseum.org/art/collection/search/391739,https://images.metmuseum.org/CRDImages/dp/web-large/DP805764.jpg,The Met Open Access; Public Domain
met_391740.jpg,391740,"Designs for borders and corners, acanthus",Drawing ; Ornament and Architecture,Drawings,Pen and ink,1830–1900,,https://www.metmuseum.org/art/collection/search/391740,https://images.metmuseum.org/CRDImages/dp/web-large/DP805868.jpg,The Met Open Access; Public Domain
met_393924.jpg,393924,"Arched framing element for banknote, with acanthus and vine leaves, lily and grapes",Print,Prints,Engraving; proof,ca. 1824–37,,https://www.metmuseum.org/art/collection/search/393924,https://images.metmuseum.org/CRDImages/dp/web-large/DP837941.jpg,The Met Open Access; Public Domain
met_394869.jpg,394869,Grapes and Vine-leaves,Drawing ; Ornament and Architecture,Drawings,"Pen and ink, brush and wash",1845–70,,https://www.metmuseum.org/art/collection/search/394869,https://images.metmuseum.org/CRDImages/dp/web-large/DP827631.jpg,The Met Open Access; Public Domain
met_394872.jpg,394872,Two Carved Stone Ornamental Panels,Drawing ; Ornament and Architecture,Drawings,"Pen and ink, brush and wash",1845–70,,https://www.metmuseum.org/art/collection/search/394872,https://images.metmuseum.org/CRDImages/dp/web-large/DP827634.jpg,The Met Open Access; Public Domain
met_397831.jpg,397831,"Three sphinxes climbing a vine, from ""Ornaments or Grotesques"" (Ornamenti o Grottesche)",Print; Ornament & Architecture,Prints,Etching,ca. 1650–56,,https://www.metmuseum.org/art/collection/search/397831,https://images.metmuseum.org/CRDImages/dp/web-large/DP833531.jpg,The Met Open Access; Public Domain
met_397834.jpg,397834,"Three goats climbing a vine in the shape of a backwards 'S', from ""Ornaments or Grotesques"" (Ornamenti o Grottesche)",Print; Ornament & Architecture,Prints,Etching,ca. 1650–56,,https://www.metmuseum.org/art/collection/search/397834,https://images.metmuseum.org/CRDImages/dp/web-large/DP833536.jpg,The Met Open Access; Public Domain
met_406539.jpg,406539,"Plate 7, from ""Friezes with Birds, Flowers and Meandering Wreaths and Scrolls""",Ornament & Architecture,Prints,Etching,ca. 1600–1617,,https://www.metmuseum.org/art/collection/search/406539,https://images.metmuseum.org/CRDImages/dp/web-large/DP837046.jpg,The Met Open Access; Public Domain
met_406540.jpg,406540,"Plate 8, from ""Friezes with Birds, Flowers and Meandering Wreaths and Scrolls""",Ornament & Architecture,Prints,Etching,ca. 1600–1617,,https://www.metmuseum.org/art/collection/search/406540,https://images.metmuseum.org/CRDImages/dp/web-large/DP837047.jpg,The Met Open Access; Public Domain
met_406541.jpg,406541,"Plate 9, from ""Friezes with Birds, Flowers and Meandering Wreaths and Scrolls""",Ornament & Architecture,Prints,Etching,ca. 1600–1617,,https://www.metmuseum.org/art/collection/search/406541,https://images.metmuseum.org/CRDImages/dp/web-large/DP837048.jpg,The Met Open Access; Public Domain
met_422501.jpg,422501,Vertical Panel with Inhabited Candelabrum Rising from a Cuirass,"Print, Ornament & Architecture",Prints,Engraving,1553,,https://www.metmuseum.org/art/collection/search/422501,https://images.metmuseum.org/CRDImages/dp/web-large/DP836796.jpg,The Met Open Access; Public Domain
met_422672.jpg,422672,Horizontal Panel with Scrolling Tendrils Growing from Center,Print; ornament & architecture,Prints,Engraving,ca. 1535,,https://www.metmuseum.org/art/collection/search/422672,https://images.metmuseum.org/CRDImages/dp/web-large/DP836789.jpg,The Met Open Access; Public Domain
met_423390.jpg,423390,Frieze with Birds Perched on Scrolling Tendrils,Print; ornament & architecture,Prints,Engraving,ca. 1568–1633,,https://www.metmuseum.org/art/collection/search/423390,https://images.metmuseum.org/CRDImages/dp/web-large/DP837034.jpg,The Met Open Access; Public Domain
met_423461.jpg,423461,Vertical Panel with Cupid Holding the End of a Plant Sprouting Tendrils,Print; ornament & architecture,Prints,Engraving,1521,,https://www.metmuseum.org/art/collection/search/423461,https://images.metmuseum.org/CRDImages/dp/web-large/DP834288.jpg,The Met Open Access; Public Domain
met_625830.jpg,625830,"Decorative border panel with a candelabra ornamented with foliate designs, from Life of the Virgin and Christ",Print,Prints,Engraving,1490–1500,,https://www.metmuseum.org/art/collection/search/625830,https://images.metmuseum.org/CRDImages/dp/web-large/DP833936.jpg,The Met Open Access; Public Domain
met_625831.jpg,625831,"Decorative border panel with flaming candelabra ornamented with foliate designs, swags, and a cow's skull, from Life of the Virgin and Christ",Print,Prints,Engraving,1490–1500,,https://www.metmuseum.org/art/collection/search/625831,https://images.metmuseum.org/CRDImages/dp/web-large/DP833937.jpg,The Met Open Access; Public Domain
met_659755.jpg,659755,"Convivio delle Belle Donne, page 4 (verso)",Books Prints Ornament & Architecture,Books,Woodcut,August 1532,,https://www.metmuseum.org/art/collection/search/659755,https://images.metmuseum.org/CRDImages/dp/web-large/DP366798.jpg,The Met Open Access; Public Domain
met_659757.jpg,659757,"Convivio delle Belle Donne, page 5 (recto)",Books Prints Ornament & Architecture,Books,Woodcut,August 1532,,https://www.metmuseum.org/art/collection/search/659757,https://images.metmuseum.org/CRDImages/dp/web-large/DP366797.jpg,The Met Open Access; Public Domain
met_659758.jpg,659758,"Convivio delle Belle Donne, page 5 (verso)",Books Prints Ornament & Architecture,Books,Woodcut,August 1532,,https://www.metmuseum.org/art/collection/search/659758,https://images.metmuseum.org/CRDImages/dp/web-large/DP366800.jpg,The Met Open Access; Public Domain
met_659760.jpg,659760,"Convivio delle Belle Donne, page 6 (verso)",Books Prints Ornament & Architecture,Books,Woodcut,August 1532,,https://www.metmuseum.org/art/collection/search/659760,https://images.metmuseum.org/CRDImages/dp/web-large/DP366802.jpg,The Met Open Access; Public Domain
met_659762.jpg,659762,"Convivio delle Belle Donne, page 7 (verso)",Books Prints Ornament & Architecture,Books,Woodcut,August 1532,,https://www.metmuseum.org/art/collection/search/659762,https://images.metmuseum.org/CRDImages/dp/web-large/DP366804.jpg,The Met Open Access; Public Domain
met_659763.jpg,659763,"Convivio delle Belle Donne, page 8 (recto)",Books Prints Ornament & Architecture,Books,Woodcut,August 1532,,https://www.metmuseum.org/art/collection/search/659763,https://images.metmuseum.org/CRDImages/dp/web-large/DP366803.jpg,The Met Open Access; Public Domain
met_659766.jpg,659766,"Convivio delle Belle Donne, page 9 (verso)",Books Prints Ornament & Architecture,Books,Woodcut,August 1532,,https://www.metmuseum.org/art/collection/search/659766,https://images.metmuseum.org/CRDImages/dp/web-large/DP366808.jpg,The Met Open Access; Public Domain
met_659767.jpg,659767,"Convivio delle Belle Donne, page 10 (recto)",Books Prints Ornament & Architecture,Books,Woodcut,August 1532,,https://www.metmuseum.org/art/collection/search/659767,https://images.metmuseum.org/CRDImages/dp/web-large/DP366807.jpg,The Met Open Access; Public Domain
met_659768.jpg,659768,"Convivio delle Belle Donne, page 10 (verso)",Books Prints Ornament & Architecture,Books,Woodcut,August 1532,,https://www.metmuseum.org/art/collection/search/659768,https://images.metmuseum.org/CRDImages/dp/web-large/DP366810.jpg,The Met Open Access; Public Domain
met_659798.jpg,659798,"Convivio delle Belle Donne, page 17 (verso)",Books Prints Ornament & Architecture,Books,Woodcut,August 1532,,https://www.metmuseum.org/art/collection/search/659798,https://images.metmuseum.org/CRDImages/dp/web-large/DP366824.jpg,The Met Open Access; Public Domain
met_659800.jpg,659800,"Convivio delle Belle Donne, page 18 (verso)",Books Prints Ornament & Architecture,Books,Woodcut,August 1532,,https://www.metmuseum.org/art/collection/search/659800,https://images.metmuseum.org/CRDImages/dp/web-large/DP366826.jpg,The Met Open Access; Public Domain
met_659801.jpg,659801,"Convivio delle Belle Donne, page 19 (recto)",Books Prints Ornament & Architecture,Books,Woodcut,August 1532,,https://www.metmuseum.org/art/collection/search/659801,https://images.metmuseum.org/CRDImages/dp/web-large/DP366825.jpg,The Met Open Access; Public Domain
met_659803.jpg,659803,"Convivio delle Belle Donne, page 19 (verso)",Books Prints Ornament & Architecture,Books,Woodcut,August 1532,,https://www.metmuseum.org/art/collection/search/659803,https://images.metmuseum.org/CRDImages/dp/web-large/DP366828.jpg,The Met Open Access; Public Domain
met_659922.jpg,659922,"Album of designs for embroidery: bodices, gauntlets, caps, bags, page 22 (recto)",Album Drawings Ornament & Architecture,Albums,pen and ink; some with wash,1615–35,,https://www.metmuseum.org/art/collection/search/659922,https://images.metmuseum.org/CRDImages/dp/web-large/DP165317.jpg,The Met Open Access; Public Domain
met_659923.jpg,659923,"Album of designs for embroidery: bodices, gauntlets, caps, bags, page 23 (recto)",Album Drawings Ornament & Architecture,Albums,pen and ink; some with wash,1615–35,,https://www.metmuseum.org/art/collection/search/659923,https://images.metmuseum.org/CRDImages/dp/web-large/DP165317.jpg,The Met Open Access; Public Domain
met_660598.jpg,660598,"Il Monte. Opera Nova di Recami, page 8 (verso)",Books Prints Ornament & Architecture,Books,Woodcut,after 1557,,https://www.metmuseum.org/art/collection/search/660598,https://images.metmuseum.org/CRDImages/dp/web-large/DP362330.jpg,The Met Open Access; Public Domain
met_660826.jpg,660826,"Lucidario di Recami, page 3 (verso)",Books Prints Ornament & Architecture,Books,Woodcut,1564,,https://www.metmuseum.org/art/collection/search/660826,https://images.metmuseum.org/CRDImages/dp/web-large/DP362108.jpg,The Met Open Access; Public Domain
met_662027.jpg,662027,"Teatro delle Nobili et Virtuose Donne..., page 19 (recto)",Books Prints Ornament & Architecture,Books,"Woodcut, engraving",1616,,https://www.metmuseum.org/art/collection/search/662027,https://images.metmuseum.org/CRDImages/dp/web-large/DP358071.jpg,The Met Open Access; Public Domain
met_662653.jpg,662653,"Ghirlanda: Di sei vaghi fiori scielti da piu famosi Giardini d'Italia, page 40 (recto)",Books Prints Ornament & Architecture,Books,Etching and drawing,"October 1, 1604",,https://www.metmuseum.org/art/collection/search/662653,https://images.metmuseum.org/CRDImages/dp/web-large/DP362298.jpg,The Met Open Access; Public Domain
met_665801.jpg,665801,Les Singuliers et Nouveaux Portraicts... page 66 (recto),Books Prints Ornament & Architecture,Books,Woodcut,1588,,https://www.metmuseum.org/art/collection/search/665801,https://images.metmuseum.org/CRDImages/dp/web-large/DP364073.jpg,The Met Open Access; Public Domain
met_665830.jpg,665830,"Ein new Modelbuch..., page 2 (verso)",Books Prints Ornament & Architecture,Books,Woodcut,"October 22, 1524",,https://www.metmuseum.org/art/collection/search/665830,https://images.metmuseum.org/CRDImages/dp/web-large/DP363371.jpg,The Met Open Access; Public Domain
