"candidate","rank","reference","score","phash_distance","sift_inliers","inlier_ratio","feature_coverage","structure_score","likely_duplicate"
"D:\sdxl\chanzhi_sw_clean\data\source_candidates\web_independent_batch4_20260715\open_collection_screened_strips_20260716\AUX_OC01_woven_floral_scroll.jpg","1","D:\sdxl\chanzhi_sw_clean\data\review_candidates_all_20260715\047__strict2_A__A09_d625113_p40_i02_397x104.png","25.9749","34","54","0.3418","0.2126","0.145","no"
"D:\sdxl\chanzhi_sw_clean\data\source_candidates\web_independent_batch4_20260715\open_collection_screened_strips_20260716\AUX_OC01_woven_floral_scroll.jpg","2","D:\sdxl\chanzhi_sw_clean\data\review_candidates_all_20260715\055__strict2_A__A18_d625113_p59_i01_397x104.png","25.2004","32","23","0.434","0.0232","0.1686","no"
"D:\sdxl\chanzhi_sw_clean\data\source_candidates\web_independent_batch4_20260715\open_collection_screened_strips_20260716\AUX_OC01_woven_floral_scroll.jpg","3","D:\sdxl\chanzhi_sw_clean\data\review_candidates_batch3_20260715\A09__candidate_082__D01448673_tang_ceiling_pattern_p162_i05_x2220_590x78.png","24.9452","34","8","0.3077","0.0193","0.1881","no"
"D:\sdxl\chanzhi_sw_clean\data\source_candidates\web_independent_batch4_20260715\open_collection_screened_strips_20260716\AUX_OC01_woven_floral_scroll.jpg","4","D:\sdxl\chanzhi_sw_clean\data\source_candidates\web_independent_batch4_20260715\staged_cn_unique_20260716\CNU006.png","23.9332","34","6","0.2222","0.0029","0.1851","no"
"D:\sdxl\chanzhi_sw_clean\data\source_candidates\web_independent_batch4_20260715\open_collection_screened_strips_20260716\AUX_OC01_woven_floral_scroll.jpg","5","D:\sdxl\chanzhi_sw_clean\data\review_candidates_all_20260715\091__strict2_B__B23_d01451691_p29_i01_572x149.jpeg","22.907","32","49","0.5568","0.1467","0.1292","no"
"D:\sdxl\chanzhi_sw_clean\data\source_candidates\web_independent_batch4_20260715\open_collection_screened_strips_20260716\AUX_OC02_palmette_scroll.jpg","1","D:\sdxl\chanzhi_sw_clean\data\review_candidates_all_20260715\069__strict2_B__B01_d625113_p16_i00_510x101.png","24.4615","32","5","0.4545","0.0076","0.1856","no"
"D:\sdxl\chanzhi_sw_clean\data\source_candidates\web_independent_batch4_20260715\open_collection_screened_strips_20260716\AUX_OC02_palmette_scroll.jpg","2","D:\sdxl\chanzhi_sw_clean\data\review_candidates_all_20260715\031__strict1_B__B01_journal_mogao154.png","23.7471","28","3","0.1875","0.0016","0.1887","no"
"D:\sdxl\chanzhi_sw_clean\data\source_candidates\web_independent_batch4_20260715\open_collection_screened_strips_20260716\AUX_OC02_palmette_scroll.jpg","3","D:\sdxl\chanzhi_sw_clean\data\review_candidates_batch3_20260715\A09__candidate_082__D01448673_tang_ceiling_pattern_p162_i05_x2220_590x78.png","23.4825","26","5","0.3571","0.0121","0.1801","no"
"D:\sdxl\chanzhi_sw_clean\data\source_candidates\web_independent_batch4_20260715\open_collection_screened_strips_20260716\AUX_OC02_palmette_scroll.jpg","4","D:\sdxl\chanzhi_sw_clean\data\review_candidates_all_20260715\045__strict2_A__A06_d625113_p32_i00_397x121.png","23.298","36","12","0.4","0.027","0.1688","no"
"D:\sdxl\chanzhi_sw_clean\data\source_candidates\web_independent_batch4_20260715\open_collection_screened_strips_20260716\AUX_OC02_palmette_scroll.jpg","5","D:\sdxl\chanzhi_sw_clean\data\review_candidates_all_20260715\052__strict2_A__A15_d625113_p58_i05_397x114.png","22.5647","34","99","0.825","0.3764","0.1062","no"
"D:\sdxl\chanzhi_sw_clean\data\source_candidates\web_independent_batch4_20260715\open_collection_screened_strips_20260716\AUX_OC06_right_rinceaux.jpg","1","D:\sdxl\chanzhi_sw_clean\data\review_candidates_all_20260715\042__strict2_A__A03_d625113_p22_i01_304x115.png","33.7169","28","11","0.5789","0.0144","0.2414","no"
"D:\sdxl\chanzhi_sw_clean\data\source_candidates\web_independent_batch4_20260715\open_collection_screened_strips_20260716\AUX_OC06_right_rinceaux.jpg","2","D:\sdxl\chanzhi_sw_clean\data\review_candidates_all_20260715\055__strict2_A__A18_d625113_p59_i01_397x104.png","27.3692","36","11","0.3548","0.0111","0.2008","no"
"D:\sdxl\chanzhi_sw_clean\data\source_candidates\web_independent_batch4_20260715\open_collection_screened_strips_20260716\AUX_OC06_right_rinceaux.jpg","3","D:\sdxl\chanzhi_sw_clean\data\review_candidates_batch3_20260715\A09__candidate_082__D01448673_tang_ceiling_pattern_p162_i05_x2220_590x78.png","26.6456","28","17","0.5667","0.0411","0.1831","no"
"D:\sdxl\chanzhi_sw_clean\data\source_candidates\web_independent_batch4_20260715\open_collection_screened_strips_20260716\AUX_OC06_right_rinceaux.jpg","4","D:\sdxl\chanzhi_sw_clean\data\review_candidates_all_20260715\031__strict1_B__B01_journal_mogao154.png","25.6863","26","3","0.1429","0.0016","0.2053","no"
"D:\sdxl\chanzhi_sw_clean\data\source_candidates\web_independent_batch4_20260715\open_collection_screened_strips_20260716\AUX_OC06_right_rinceaux.jpg","5","D:\sdxl\chanzhi_sw_clean\data\review_candidates_all_20260715\070__strict2_B__B02_d625113_p16_i01_505x93.png","24.0274","28","4","0.6667","0.0034","0.1793","no"
"D:\sdxl\chanzhi_sw_clean\data\source_candidates\web_independent_batch4_20260715\open_collection_screened_strips_20260716\AUX_OC07_acanthus_frieze.jpg","1","D:\sdxl\chanzhi_sw_clean\data\review_candidates_all_20260715\031__strict1_B__B01_journal_mogao154.png","36.6089","32","4","1.0","0.0021","0.2634","no"
"D:\sdxl\chanzhi_sw_clean\data\source_candidates\web_independent_batch4_20260715\open_collection_screened_strips_20260716\AUX_OC07_acanthus_frieze.jpg","2","D:\sdxl\chanzhi_sw_clean\data\review_candidates_all_20260715\042__strict2_A__A03_d625113_p22_i01_304x115.png","34.3222","26","0","0.0","0.0","0.286","no"
"D:\sdxl\chanzhi_sw_clean\data\source_candidates\web_independent_batch4_20260715\open_collection_screened_strips_20260716\AUX_OC07_acanthus_frieze.jpg","3","D:\sdxl\chanzhi_sw_clean\data\review_candidates_all_20260715\055__strict2_A__A18_d625113_p59_i01_397x104.png","33.4645","32","4","0.6667","0.004","0.2497","no"
"D:\sdxl\chanzhi_sw_clean\data\source_candidates\web_independent_batch4_20260715\open_collection_screened_strips_20260716\AUX_OC07_acanthus_frieze.jpg","4","D:\sdxl\chanzhi_sw_clean\data\review_candidates_all_20260715\032__strict1_B__B02_zsbeike_mogao196_dense_scroll.png","30.0276","32","4","0.8","0.0016","0.2208","no"
"D:\sdxl\chanzhi_sw_clean\data\source_candidates\web_independent_batch4_20260715\open_collection_screened_strips_20260716\AUX_OC07_acanthus_frieze.jpg","5","D:\sdxl\chanzhi_sw_clean\data\review_candidates_all_20260715\069__strict2_B__B01_d625113_p16_i00_510x101.png","28.0841","32","6","0.4","0.0091","0.2128","no"
"D:\sdxl\chanzhi_sw_clean\data\source_candidates\web_independent_batch4_20260715\open_collection_screened_strips_20260716\AUX_OC09_architectural_rinceau.jpg","1","D:\sdxl\chanzhi_sw_clean\data\review_candidates_all_20260715\008__local_A__Snipaste_2026-04-18_15-52-40.png","17.235","30","14","0.3333","0.0137","0.124","no"
"D:\sdxl\chanzhi_sw_clean\data\source_candidates\web_independent_batch4_20260715\open_collection_screened_strips_20260716\AUX_OC09_architectural_rinceau.jpg","2","D:\sdxl\chanzhi_sw_clean\data\review_candidates_all_20260715\054__strict2_A__A17_d625113_p59_i00_425x81.png","15.8396","36","4","0.4444","0.0075","0.1212","no"
"D:\sdxl\chanzhi_sw_clean\data\source_candidates\web_independent_batch4_20260715\open_collection_screened_strips_20260716\AUX_OC09_architectural_rinceau.jpg","3","D:\sdxl\chanzhi_sw_clean\data\review_candidates_batch3_20260715\A14__candidate_159__D01448673_tang_ceiling_pattern_p234_i02_x3005_516x86.png","15.8295","26","5","0.625","0.0096","0.1178","no"
"D:\sdxl\chanzhi_sw_clean\data\source_candidates\web_independent_batch4_20260715\open_collection_screened_strips_20260716\AUX_OC09_architectural_rinceau.jpg","4","D:\sdxl\chanzhi_sw_clean\data\source_candidates\web_independent_batch4_20260715\staged_cn_unique_20260716\CNU024.png","15.6187","32","5","0.1786","0.0081","0.1223","no"
"D:\sdxl\chanzhi_sw_clean\data\source_candidates\web_independent_batch4_20260715\open_collection_screened_strips_20260716\AUX_OC09_architectural_rinceau.jpg","5","D:\sdxl\chanzhi_sw_clean\data\source_candidates\web_independent_batch4_20260715\staged_cn_unique_20260716\contact_sheet.jpg","15.3138","30","6","0.3333","0.0024","0.1169","no"
"D:\sdxl\chanzhi_sw_clean\data\source_candidates\web_independent_batch4_20260715\open_collection_screened_strips_20260716\AUX_OC10_white_foliage_border.jpg","1","D:\sdxl\chanzhi_sw_clean\data\review_candidates_all_20260715\042__strict2_A__A03_d625113_p22_i01_304x115.png","40.7233","26","9","0.3913","0.0117","0.3019","no"
"D:\sdxl\chanzhi_sw_clean\data\source_candidates\web_independent_batch4_20260715\open_collection_screened_strips_20260716\AUX_OC10_white_foliage_border.jpg","2","D:\sdxl\chanzhi_sw_clean\data\review_candidates_batch3_20260715\A09__candidate_082__D01448673_tang_ceiling_pattern_p162_i05_x2220_590x78.png","38.9354","24","31","0.4627","0.0749","0.2465","no"
"D:\sdxl\chanzhi_sw_clean\data\source_candidates\web_independent_batch4_20260715\open_collection_screened_strips_20260716\AUX_OC10_white_foliage_border.jpg","3","D:\sdxl\chanzhi_sw_clean\data\review_candidates_all_20260715\070__strict2_B__B02_d625113_p16_i01_505x93.png","36.2857","24","4","0.5714","0.0034","0.2737","no"
"D:\sdxl\chanzhi_sw_clean\data\source_candidates\web_independent_batch4_20260715\open_collection_screened_strips_20260716\AUX_OC10_white_foliage_border.jpg","4","D:\sdxl\chanzhi_sw_clean\data\review_candidates_all_20260715\033__strict1_B__B03_traditional_art_mogao310_flower_vine.png","36.1112","30","8","0.2424","0.0032","0.2743","no"
"D:\sdxl\chanzhi_sw_clean\data\source_candidates\web_independent_batch4_20260715\open_collection_screened_strips_20260716\AUX_OC10_white_foliage_border.jpg","5","D:\sdxl\chanzhi_sw_clean\data\review_candidates_all_20260715\030__strict1_A__A08_journal_mogao180.png","36.06","34","4","0.2857","0.0021","0.2811","no"
"D:\sdxl\chanzhi_sw_clean\data\source_candidates\web_independent_batch4_20260715\open_collection_screened_strips_20260716\AUX_OC11_blue_acanthus_top_repeat.jpg","1","D:\sdxl\chanzhi_sw_clean\data\review_candidates_all_20260715\042__strict2_A__A03_d625113_p22_i01_304x115.png","30.5781","42","6","0.4615","0.0078","0.23","no"
"D:\sdxl\chanzhi_sw_clean\data\source_candidates\web_independent_batch4_20260715\open_collection_screened_strips_20260716\AUX_OC11_blue_acanthus_top_repeat.jpg","2","D:\sdxl\chanzhi_sw_clean\data\review_candidates_all_20260715\055__strict2_A__A18_d625113_p59_i01_397x104.png","30.144","38","9","0.45","0.0091","0.2221","no"
"D:\sdxl\chanzhi_sw_clean\data\source_candidates\web_independent_batch4_20260715\open_collection_screened_strips_20260716\AUX_OC11_blue_acanthus_top_repeat.jpg","3","D:\sdxl\chanzhi_sw_clean\data\review_candidates_all_20260715\058__strict2_A__A21_d01430115_p65_i02_232x116.jpeg","28.9177","32","5","0.3846","0.013","0.2211","no"
"D:\sdxl\chanzhi_sw_clean\data\source_candidates\web_independent_batch4_20260715\open_collection_screened_strips_20260716\AUX_OC11_blue_acanthus_top_repeat.jpg","4","D:\sdxl\chanzhi_sw_clean\data\review_candidates_all_20260715\031__strict1_B__B01_journal_mogao154.png","25.7814","30","6","0.4615","0.0032","0.194","no"
"D:\sdxl\chanzhi_sw_clean\data\source_candidates\web_independent_batch4_20260715\open_collection_screened_strips_20260716\AUX_OC11_blue_acanthus_top_repeat.jpg","5","D:\sdxl\chanzhi_sw_clean\data\review_candidates_all_20260715\070__strict2_B__B02_d625113_p16_i01_505x93.png","24.7106","30","5","0.625","0.0043","0.1839","no"
"D:\sdxl\chanzhi_sw_clean\data\source_candidates\web_independent_batch4_20260715\open_collection_screened_strips_20260716\AUX_OC12_rose_scroll.jpg","1","D:\sdxl\chanzhi_sw_clean\data\review_candidates_batch3_20260715\A14__candidate_159__D01448673_tang_ceiling_pattern_p234_i02_x3005_516x86.png","23.0407","30","7","0.3043","0.0134","0.1751","no"
"D:\sdxl\chanzhi_sw_clean\data\source_candidates\web_independent_batch4_20260715\open_collection_screened_strips_20260716\AUX_OC12_rose_scroll.jpg","2","D:\sdxl\chanzhi_sw_clean\data\review_candidates_batch3_20260715\A08__candidate_081__D01448673_tang_ceiling_pattern_p161_i07_x2207_561x86.png","21.5416","32","5","0.2632","0.0088","0.1671","no"
"D:\sdxl\chanzhi_sw_clean\data\source_candidates\web_independent_batch4_20260715\open_collection_screened_strips_20260716\AUX_OC12_rose_scroll.jpg","3","D:\sdxl\chanzhi_sw_clean\data\review_candidates_all_20260715\071__strict2_B__B03_d625113_p16_i05_506x116.png","19.7308","26","4","0.5","0.0037","0.15","no"
"D:\sdxl\chanzhi_sw_clean\data\source_candidates\web_independent_batch4_20260715\open_collection_screened_strips_20260716\AUX_OC12_rose_scroll.jpg","4","D:\sdxl\chanzhi_sw_clean\data\review_candidates_all_20260715\017__local_B__Snipaste_2026-04-18_15-52-49.png","19.3622","30","14","0.4516","0.0095","0.1375","no"
"D:\sdxl\chanzhi_sw_clean\data\source_candidates\web_independent_batch4_20260715\open_collection_screened_strips_20260716\AUX_OC12_rose_scroll.jpg","5","D:\sdxl\chanzhi_sw_clean\data\review_candidates_batch3_20260715\R12__met_03_plate8_bottom_vine.png","18.7528","36","4","0.5","0.0068","0.1426","no"
"D:\sdxl\chanzhi_sw_clean\data\source_candidates\web_independent_batch4_20260715\open_collection_screened_strips_20260716\AUX_OC13_green_acanthus_flowers.jpg","1","D:\sdxl\chanzhi_sw_clean\data\review_candidates_all_20260715\054__strict2_A__A17_d625113_p59_i00_425x81.png","17.8956","34","5","0.4545","0.0094","0.1358","no"
"D:\sdxl\chanzhi_sw_clean\data\source_candidates\web_independent_batch4_20260715\open_collection_screened_strips_20260716\AUX_OC13_green_acanthus_flowers.jpg","2","D:\sdxl\chanzhi_sw_clean\data\source_candidates\web_independent_batch4_20260715\staged_cn_unique_20260716\CNU008.png","16.6298","38","4","1.0","0.0046","0.1196","no"
"D:\sdxl\chanzhi_sw_clean\data\source_candidates\web_independent_batch4_20260715\open_collection_screened_strips_20260716\AUX_OC13_green_acanthus_flowers.jpg","3","D:\sdxl\chanzhi_sw_clean\data\review_candidates_all_20260715\008__local_A__Snipaste_2026-04-18_15-52-40.png","16.5065","32","12","0.4286","0.0117","0.1192","no"
"D:\sdxl\chanzhi_sw_clean\data\source_candidates\web_independent_batch4_20260715\open_collection_screened_strips_20260716\AUX_OC13_green_acanthus_flowers.jpg","4","D:\sdxl\chanzhi_sw_clean\data\review_candidates_batch3_20260715\R12__met_03_plate8_bottom_vine.png","16.4053","34","4","1.0","0.0068","0.118","no"
"D:\sdxl\chanzhi_sw_clean\data\source_candidates\web_independent_batch4_20260715\open_collection_screened_strips_20260716\AUX_OC13_green_acanthus_flowers.jpg","5","D:\sdxl\chanzhi_sw_clean\data\review_candidates_batch3_20260715\A14__candidate_159__D01448673_tang_ceiling_pattern_p234_i02_x3005_516x86.png","14.5565","32","4","0.5714","0.0077","0.1098","no"
"D:\sdxl\chanzhi_sw_clean\data\source_candidates\web_independent_batch4_20260715\open_collection_screened_strips_20260716\AUX_OC14_pink_floral_top_repeat.jpg","1","D:\sdxl\chanzhi_sw_clean\data\review_candidates_all_20260715\014__local_B__Snipaste_2026-04-13_15-34-57.png","11.9755","26","2","0.125","0.0016","0.0967","no"
"D:\sdxl\chanzhi_sw_clean\data\source_candidates\web_independent_batch4_20260715\open_collection_screened_strips_20260716\AUX_OC14_pink_floral_top_repeat.jpg","2","D:\sdxl\chanzhi_sw_clean\data\source_candidates\web_independent_batch4_20260715\staged_cn_unique_20260716\CNU010.png","11.9666","34","6","0.3","0.0279","0.0917","no"
"D:\sdxl\chanzhi_sw_clean\data\source_candidates\web_independent_batch4_20260715\open_collection_screened_strips_20260716\AUX_OC14_pink_floral_top_repeat.jpg","3","D:\sdxl\chanzhi_sw_clean\data\review_candidates_batch3_20260715\A12__candidate_152__D01448673_tang_ceiling_pattern_p232_i09_x2984_367x53.png","11.1427","34","6","0.5455","0.0143","0.083","no"
"D:\sdxl\chanzhi_sw_clean\data\source_candidates\web_independent_batch4_20260715\open_collection_screened_strips_20260716\AUX_OC14_pink_floral_top_repeat.jpg","4","D:\sdxl\chanzhi_sw_clean\data\review_candidates_all_20260715\041__strict2_A__A02_d625113_p16_i03_507x63.png","11.0017","36","4","1.0","0.0046","0.0791","no"
"D:\sdxl\chanzhi_sw_clean\data\source_candidates\web_independent_batch4_20260715\open_collection_screened_strips_20260716\AUX_OC14_pink_floral_top_repeat.jpg","5","D:\sdxl\chanzhi_sw_clean\data\review_candidates_batch3_20260715\R13__met_04_plate9_bottom_vine.png","10.9081","32","4","0.4","0.006","0.0839","no"
"D:\sdxl\chanzhi_sw_clean\data\source_candidates\web_independent_batch4_20260715\open_collection_screened_strips_20260716\AUX_OC15_blue_floral_top_repeat.jpg","1","D:\sdxl\chanzhi_sw_clean\data\review_candidates_all_20260715\042__strict2_A__A03_d625113_p22_i01_304x115.png","27.1859","30","5","0.5","0.0065","0.2052","no"
"D:\sdxl\chanzhi_sw_clean\data\source_candidates\web_independent_batch4_20260715\open_collection_screened_strips_20260716\AUX_OC15_blue_floral_top_repeat.jpg","2","D:\sdxl\chanzhi_sw_clean\data\review_candidates_all_20260715\Snipaste_2026-07-15_13-19-07.png","21.6814","36","19","0.3519","0.0329","0.1503","no"
"D:\sdxl\chanzhi_sw_clean\data\source_candidates\web_independent_batch4_20260715\open_collection_screened_strips_20260716\AUX_OC15_blue_floral_top_repeat.jpg","3","D:\sdxl\chanzhi_sw_clean\data\review_candidates_all_20260715\030__strict1_A__A08_journal_mogao180.png","21.389","32","11","0.44","0.0057","0.1554","no"
"D:\sdxl\chanzhi_sw_clean\data\source_candidates\web_independent_batch4_20260715\open_collection_screened_strips_20260716\AUX_OC15_blue_floral_top_repeat.jpg","4","D:\sdxl\chanzhi_sw_clean\data\source_candidates\web_independent_batch4_20260715\staged_cn_unique_20260716\CNU007.png","19.9522","34","4","0.3636","0.0022","0.1541","no"
"D:\sdxl\chanzhi_sw_clean\data\source_candidates\web_independent_batch4_20260715\open_collection_screened_strips_20260716\AUX_OC15_blue_floral_top_repeat.jpg","5","D:\sdxl\chanzhi_sw_clean\data\review_candidates_all_20260715\048__strict2_A__A10_d625113_p42_i00_385x118.png","19.7709","28","37","0.8043","0.0638","0.1169","no"
"D:\sdxl\chanzhi_sw_clean\data\source_candidates\web_independent_batch4_20260715\open_collection_screened_strips_20260716\AUX_OC16_pale_floral_top_repeat.jpg","1","D:\sdxl\chanzhi_sw_clean\data\review_candidates_batch3_20260715\A03__candidate_070__D01448673_tang_ceiling_pattern_p144_i08_x2023_305x146.png","21.9505","28","6","0.3333","0.006","0.1676","no"
"D:\sdxl\chanzhi_sw_clean\data\source_candidates\web_independent_batch4_20260715\open_collection_screened_strips_20260716\AUX_OC16_pale_floral_top_repeat.jpg","2","D:\sdxl\chanzhi_sw_clean\data\review_candidates_all_20260715\055__strict2_A__A18_d625113_p59_i01_397x104.png","19.2968","38","10","0.4545","0.0101","0.141","no"
"D:\sdxl\chanzhi_sw_clean\data\source_candidates\web_independent_batch4_20260715\open_collection_screened_strips_20260716\AUX_OC16_pale_floral_top_repeat.jpg","3","D:\sdxl\chanzhi_sw_clean\data\review_candidates_all_20260715\069__strict2_B__B01_d625113_p16_i00_510x101.png","18.7334","32","5","0.3846","0.0076","0.1433","no"
"D:\sdxl\chanzhi_sw_clean\data\source_candidates\web_independent_batch4_20260715\open_collection_screened_strips_20260716\AUX_OC16_pale_floral_top_repeat.jpg","4","D:\sdxl\chanzhi_sw_clean\data\review_candidates_all_20260715\031__strict1_B__B01_journal_mogao154.png","18.6982","30","0","0.0","0.0","0.1558","no"
"D:\sdxl\chanzhi_sw_clean\data\source_candidates\web_independent_batch4_20260715\open_collection_screened_strips_20260716\AUX_OC16_pale_floral_top_repeat.jpg","5","D:\sdxl\chanzhi_sw_clean\data\review_candidates_batch3_20260715\A11__candidate_151__D01448673_tang_ceiling_pattern_p232_i07_x2982_554x114.png","18.1449","26","4","1.0","0.004","0.1305","no"
"D:\sdxl\chanzhi_sw_clean\data\source_candidates\web_independent_batch4_20260715\open_collection_screened_strips_20260716\AUX_OC17_large_bouquet_rinceau.jpg","1","D:\sdxl\chanzhi_sw_clean\data\review_candidates_all_20260715\055__strict2_A__A18_d625113_p59_i01_397x104.png","35.2013","30","11","0.3333","0.0111","0.2588","no"
"D:\sdxl\chanzhi_sw_clean\data\source_candidates\web_independent_batch4_20260715\open_collection_screened_strips_20260716\AUX_OC17_large_bouquet_rinceau.jpg","2","D:\sdxl\chanzhi_sw_clean\data\review_candidates_all_20260715\031__strict1_B__B01_journal_mogao154.png","32.2071","26","5","0.2381","0.0026","0.2505","no"
"D:\sdxl\chanzhi_sw_clean\data\source_candidates\web_independent_batch4_20260715\open_collection_screened_strips_20260716\AUX_OC17_large_bouquet_rinceau.jpg","3","D:\sdxl\chanzhi_sw_clean\data\source_candidates\web_independent_batch4_20260715\staged_cn_unique_20260716\CNU006.png","30.6503","28","5","0.3846","0.0024","0.2344","no"
"D:\sdxl\chanzhi_sw_clean\data\source_candidates\web_independent_batch4_20260715\open_collection_screened_strips_20260716\AUX_OC17_large_bouquet_rinceau.jpg","4","D:\sdxl\chanzhi_sw_clean\data\review_candidates_batch3_20260715\A09__candidate_082__D01448673_tang_ceiling_pattern_p162_i05_x2220_590x78.png","29.6054","30","5","0.3846","0.0121","0.2264","no"
"D:\sdxl\chanzhi_sw_clean\data\source_candidates\web_independent_batch4_20260715\open_collection_screened_strips_20260716\AUX_OC17_large_bouquet_rinceau.jpg","5","D:\sdxl\chanzhi_sw_clean\data\review_candidates_all_20260715\Snipaste_2026-07-15_13-17-49.png","24.5092","38","1","0.0","0.0","0.2026","no"
"D:\sdxl\chanzhi_sw_clean\data\source_candidates\web_independent_batch4_20260715\open_collection_screened_strips_20260716\AUX_OC18_green_flower_vine_top_repeat.jpg","1","D:\sdxl\chanzhi_sw_clean\data\review_candidates_all_20260715\012__local_A__Snipaste_2026-04-18_15-55-38.png","23.2349","30","5","0.3333","0.0021","0.1787","no"
"D:\sdxl\chanzhi_sw_clean\data\source_candidates\web_independent_batch4_20260715\open_collection_screened_strips_20260716\AUX_OC18_green_flower_vine_top_repeat.jpg","2","D:\sdxl\chanzhi_sw_clean\data\review_candidates_all_20260715\022__local_B__Snipaste_2026-04-18_15-57-40.png","19.8978","30","4","0.8","0.0016","0.1463","no"
"D:\sdxl\chanzhi_sw_clean\data\source_candidates\web_independent_batch4_20260715\open_collection_screened_strips_20260716\AUX_OC18_green_flower_vine_top_repeat.jpg","3","D:\sdxl\chanzhi_sw_clean\data\review_candidates_all_20260715\019__local_B__Snipaste_2026-04-18_15-55-54.png","19.7977","28","5","0.4545","0.0026","0.1502","no"
"D:\sdxl\chanzhi_sw_clean\data\source_candidates\web_independent_batch4_20260715\open_collection_screened_strips_20260716\AUX_OC18_green_flower_vine_top_repeat.jpg","4","D:\sdxl\chanzhi_sw_clean\data\review_candidates_all_20260715\042__strict2_A__A03_d625113_p22_i01_304x115.png","19.2258","34","0","0.0","0.0","0.1602","no"
"D:\sdxl\chanzhi_sw_clean\data\source_candidates\web_independent_batch4_20260715\open_collection_screened_strips_20260716\AUX_OC18_green_flower_vine_top_repeat.jpg","5","D:\sdxl\chanzhi_sw_clean\data\review_candidates_all_20260715\081__strict2_B__B13_d625113_p71_i04_704x260.png","19.1323","36","5","0.5","0.0026","0.1444","no"
"D:\sdxl\chanzhi_sw_clean\data\source_candidates\web_independent_batch4_20260715\open_collection_screened_strips_20260716\AUX_OC19_ochre_acanthus.jpg","1","D:\sdxl\chanzhi_sw_clean\data\review_candidates_all_20260715\055__strict2_A__A18_d625113_p59_i01_397x104.png","37.2631","20","7","0.2917","0.007","0.2836","no"
"D:\sdxl\chanzhi_sw_clean\data\source_candidates\web_independent_batch4_20260715\open_collection_screened_strips_20260716\AUX_OC19_ochre_acanthus.jpg","2","D:\sdxl\chanzhi_sw_clean\data\review_candidates_all_20260715\042__strict2_A__A03_d625113_p22_i01_304x115.png","32.5985","34","4","0.3333","0.0052","0.2527","no"
"D:\sdxl\chanzhi_sw_clean\data\source_candidates\web_independent_batch4_20260715\open_collection_screened_strips_20260716\AUX_OC19_ochre_acanthus.jpg","3","D:\sdxl\chanzhi_sw_clean\data\review_candidates_batch3_20260715\A09__candidate_082__D01448673_tang_ceiling_pattern_p162_i05_x2220_590x78.png","32.4004","30","36","0.48","0.087","0.1985","no"
"D:\sdxl\chanzhi_sw_clean\data\source_candidates\web_independent_batch4_20260715\open_collection_screened_strips_20260716\AUX_OC19_ochre_acanthus.jpg","4","D:\sdxl\chanzhi_sw_clean\data\review_candidates_all_20260715\031__strict1_B__B01_journal_mogao154.png","29.0794","32","4","0.5","0.0021","0.2211","no"
"D:\sdxl\chanzhi_sw_clean\data\source_candidates\web_independent_batch4_20260715\open_collection_screened_strips_20260716\AUX_OC19_ochre_acanthus.jpg","5","D:\sdxl\chanzhi_sw_clean\data\review_candidates_all_20260715\058__strict2_A__A21_d01430115_p65_i02_232x116.jpeg","26.2127","34","8","0.2286","0.0208","0.1994","no"
"D:\sdxl\chanzhi_sw_clean\data\source_candidates\web_independent_batch4_20260715\open_collection_screened_strips_20260716\AUX_OC20_stylized_flower_vine_top_repeat.jpg","1","D:\sdxl\chanzhi_sw_clean\data\review_candidates_all_20260715\055__strict2_A__A18_d625113_p59_i01_397x104.png","36.9934","30","4","0.6667","0.004","0.2761","no"
"D:\sdxl\chanzhi_sw_clean\data\source_candidates\web_independent_batch4_20260715\open_collection_screened_strips_20260716\AUX_OC20_stylized_flower_vine_top_repeat.jpg","2","D:\sdxl\chanzhi_sw_clean\data\review_candidates_all_20260715\031__strict1_B__B01_journal_mogao154.png","34.8358","32","4","0.6667","0.0021","0.26","no"
"D:\sdxl\chanzhi_sw_clean\data\source_candidates\web_independent_batch4_20260715\open_collection_screened_strips_20260716\AUX_OC20_stylized_flower_vine_top_repeat.jpg","3","D:\sdxl\chanzhi_sw_clean\data\review_candidates_all_20260715\076__strict2_B__B08_d625113_p58_i01_369x65.png","34.78","36","13","0.52","0.0236","0.247","no"
"D:\sdxl\chanzhi_sw_clean\data\source_candidates\web_independent_batch4_20260715\open_collection_screened_strips_20260716\AUX_OC20_stylized_flower_vine_top_repeat.jpg","4","D:\sdxl\chanzhi_sw_clean\data\review_candidates_all_20260715\032__strict1_B__B02_zsbeike_mogao196_dense_scroll.png","32.6631","30","3","0.0","0.0","0.2656","no"
"D:\sdxl\chanzhi_sw_clean\data\source_candidates\web_independent_batch4_20260715\open_collection_screened_strips_20260716\AUX_OC20_stylized_flower_vine_top_repeat.jpg","5","D:\sdxl\chanzhi_sw_clean\data\source_candidates\web_independent_batch4_20260715\staged_cn_unique_20260716\CNU010.png","32.4312","28","60","0.6818","0.2791","0.1705","no"
"D:\sdxl\chanzhi_sw_clean\data\source_candidates\web_independent_batch4_20260715\open_collection_screened_strips_20260716\AUX_OC21_blue_flower_acanthus.jpg","1","D:\sdxl\chanzhi_sw_clean\data\review_candidates_all_20260715\066__strict2_A__A29_d01430115_p67_i02_275x119.jpeg","15.8311","32","7","0.4375","0.0109","0.1185","no"
"D:\sdxl\chanzhi_sw_clean\data\source_candidates\web_independent_batch4_20260715\open_collection_screened_strips_20260716\AUX_OC21_blue_flower_acanthus.jpg","2","D:\sdxl\chanzhi_sw_clean\data\source_candidates\web_independent_batch4_20260715\staged_cn_unique_20260716\contact_sheet.jpg","14.6889","36","2","0.0","0.0","0.1204","no"
"D:\sdxl\chanzhi_sw_clean\data\source_candidates\web_independent_batch4_20260715\open_collection_screened_strips_20260716\AUX_OC21_blue_flower_acanthus.jpg","3","D:\sdxl\chanzhi_sw_clean\data\review_candidates_batch3_20260715\R09__meyer_11_p96_fig7_grape_leaf_interlace.png","13.0689","38","4","1.0","0.003","0.094","no"
"D:\sdxl\chanzhi_sw_clean\data\source_candidates\web_independent_batch4_20260715\open_collection_screened_strips_20260716\AUX_OC21_blue_flower_acanthus.jpg","4","D:\sdxl\chanzhi_sw_clean\data\review_candidates_all_20260715\041__strict2_A__A02_d625113_p16_i03_507x63.png","12.8388","32","6","0.5","0.007","0.0962","no"
"D:\sdxl\chanzhi_sw_clean\data\source_candidates\web_independent_batch4_20260715\open_collection_screened_strips_20260716\AUX_OC21_blue_flower_acanthus.jpg","5","D:\sdxl\chanzhi_sw_clean\data\review_candidates_all_20260715\011__local_A__Snipaste_2026-04-18_15-55-07.png","12.6084","34","5","0.3846","0.0042","0.0964","no"
"D:\sdxl\chanzhi_sw_clean\data\source_candidates\web_independent_batch4_20260715\open_collection_screened_strips_20260716\CORE_OC04_foliage_frieze.jpg","1","D:\sdxl\chanzhi_sw_clean\data\review_candidates_all_20260715\055__strict2_A__A18_d625113_p59_i01_397x104.png","42.0799","28","26","0.4643","0.0262","0.2751","no"
"D:\sdxl\chanzhi_sw_clean\data\source_candidates\web_independent_batch4_20260715\open_collection_screened_strips_20260716\CORE_OC04_foliage_frieze.jpg","2","D:\sdxl\chanzhi_sw_clean\data\review_candidates_batch3_20260715\A09__candidate_082__D01448673_tang_ceiling_pattern_p162_i05_x2220_590x78.png","39.1109","32","24","0.5106","0.058","0.2579","no"
"D:\sdxl\chanzhi_sw_clean\data\source_candidates\web_independent_batch4_20260715\open_collection_screened_strips_20260716\CORE_OC04_foliage_frieze.jpg","3","D:\sdxl\chanzhi_sw_clean\data\review_candidates_all_20260715\031__strict1_B__B01_journal_mogao154.png","36.1874","32","4","0.4444","0.0021","0.2769","no"
"D:\sdxl\chanzhi_sw_clean\data\source_candidates\web_independent_batch4_20260715\open_collection_screened_strips_20260716\CORE_OC04_foliage_frieze.jpg","4","D:\sdxl\chanzhi_sw_clean\data\source_candidates\web_independent_batch4_20260715\staged_cn_unique_20260716\CNU006.png","32.8119","34","43","0.5972","0.0207","0.1908","no"
"D:\sdxl\chanzhi_sw_clean\data\source_candidates\web_independent_batch4_20260715\open_collection_screened_strips_20260716\CORE_OC04_foliage_frieze.jpg","5","D:\sdxl\chanzhi_sw_clean\data\review_candidates_all_20260715\058__strict2_A__A21_d01430115_p65_i02_232x116.jpeg","32.665","28","47","0.7581","0.1224","0.1831","no"
"D:\sdxl\chanzhi_sw_clean\data\source_candidates\web_independent_batch4_20260715\open_collection_screened_strips_20260716\CORE_OC05_rinceaux_inner_band.jpg","1","D:\sdxl\chanzhi_sw_clean\data\review_candidates_all_20260715\042__strict2_A__A03_d625113_p22_i01_304x115.png","42.7724","32","90","0.687","0.1175","0.2034","no"
"D:\sdxl\chanzhi_sw_clean\data\source_candidates\web_independent_batch4_20260715\open_collection_screened_strips_20260716\CORE_OC05_rinceaux_inner_band.jpg","2","D:\sdxl\chanzhi_sw_clean\data\review_candidates_batch3_20260715\A09__candidate_082__D01448673_tang_ceiling_pattern_p162_i05_x2220_590x78.png","37.2901","34","30","0.4","0.0725","0.239","no"
"D:\sdxl\chanzhi_sw_clean\data\source_candidates\web_independent_batch4_20260715\open_collection_screened_strips_20260716\CORE_OC05_rinceaux_inner_band.jpg","3","D:\sdxl\chanzhi_sw_clean\data\review_candidates_all_20260715\031__strict1_B__B01_journal_mogao154.png","37.1581","28","15","0.283","0.0079","0.2669","no"
"D:\sdxl\chanzhi_sw_clean\data\source_candidates\web_independent_batch4_20260715\open_collection_screened_strips_20260716\CORE_OC05_rinceaux_inner_band.jpg","4","D:\sdxl\chanzhi_sw_clean\data\source_candidates\web_independent_batch4_20260715\staged_cn_unique_20260716\CNU006.png","32.9778","30","52","0.4815","0.025","0.184","no"
"D:\sdxl\chanzhi_sw_clean\data\source_candidates\web_independent_batch4_20260715\open_collection_screened_strips_20260716\CORE_OC05_rinceaux_inner_band.jpg","5","D:\sdxl\chanzhi_sw_clean\data\review_candidates_all_20260715\055__strict2_A__A18_d625113_p59_i01_397x104.png","32.9559","28","9","0.4737","0.0091","0.2421","no"
"D:\sdxl\chanzhi_sw_clean\data\source_candidates\web_independent_batch4_20260715\open_collection_screened_strips_20260716\CORE_OC06_left_rinceaux.jpg","1","D:\sdxl\chanzhi_sw_clean\data\review_candidates_batch3_20260715\A09__candidate_082__D01448673_tang_ceiling_pattern_p162_i05_x2220_590x78.png","29.2321","30","44","0.6984","0.1063","0.1675","no"
"D:\sdxl\chanzhi_sw_clean\data\source_candidates\web_independent_batch4_20260715\open_collection_screened_strips_20260716\CORE_OC06_left_rinceaux.jpg","2","D:\sdxl\chanzhi_sw_clean\data\review_candidates_all_20260715\013__local_A__Snipaste_2026-04-18_15-57-54.png","23.1582","36","5","0.4167","0.006","0.1764","no"
"D:\sdxl\chanzhi_sw_clean\data\source_candidates\web_independent_batch4_20260715\open_collection_screened_strips_20260716\CORE_OC06_left_rinceaux.jpg","3","D:\sdxl\chanzhi_sw_clean\data\source_candidates\web_independent_batch4_20260715\staged_cn_unique_20260716\CNU010.png","22.5821","34","8","0.4","0.0372","0.1685","no"
"D:\sdxl\chanzhi_sw_clean\data\source_candidates\web_independent_batch4_20260715\open_collection_screened_strips_20260716\CORE_OC06_left_rinceaux.jpg","4","D:\sdxl\chanzhi_sw_clean\data\review_candidates_all_20260715\063__strict2_A__A26_d01430115_p66_i08_263x122.jpeg","22.0256","42","5","0.2941","0.0104","0.1702","no"
"D:\sdxl\chanzhi_sw_clean\data\source_candidates\web_independent_batch4_20260715\open_collection_screened_strips_20260716\CORE_OC06_left_rinceaux.jpg","5","D:\sdxl\chanzhi_sw_clean\data\review_candidates_all_20260715\041__strict2_A__A02_d625113_p16_i03_507x63.png","19.9038","34","4","0.6667","0.0046","0.1485","no"
"D:\sdxl\chanzhi_sw_clean\data\source_candidates\web_independent_batch4_20260715\open_collection_screened_strips_20260716\CORE_OC08_leipzig_flower_vine.jpg","1","D:\sdxl\chanzhi_sw_clean\data\review_candidates_all_20260715\042__strict2_A__A03_d625113_p22_i01_304x115.png","38.1198","26","29","0.7436","0.0379","0.238","no"
"D:\sdxl\chanzhi_sw_clean\data\source_candidates\web_independent_batch4_20260715\open_collection_screened_strips_20260716\CORE_OC08_leipzig_flower_vine.jpg","2","D:\sdxl\chanzhi_sw_clean\data\review_candidates_all_20260715\070__strict2_B__B02_d625113_p16_i01_505x93.png","26.2915","28","5","0.5556","0.0043","0.1972","no"
"D:\sdxl\chanzhi_sw_clean\data\source_candidates\web_independent_batch4_20260715\open_collection_screened_strips_20260716\CORE_OC08_leipzig_flower_vine.jpg","3","D:\sdxl\chanzhi_sw_clean\data\review_candidates_all_20260715\052__strict2_A__A15_d625113_p58_i05_397x114.png","26.2829","34","76","0.8261","0.289","0.1261","no"
"D:\sdxl\chanzhi_sw_clean\data\source_candidates\web_independent_batch4_20260715\open_collection_screened_strips_20260716\CORE_OC08_leipzig_flower_vine.jpg","4","D:\sdxl\chanzhi_sw_clean\data\review_candidates_all_20260715\055__strict2_A__A18_d625113_p59_i01_397x104.png","25.4491","26","7","0.35","0.007","0.1924","no"
"D:\sdxl\chanzhi_sw_clean\data\source_candidates\web_independent_batch4_20260715\open_collection_screened_strips_20260716\CORE_OC08_leipzig_flower_vine.jpg","5","D:\sdxl\chanzhi_sw_clean\data\review_candidates_all_20260715\045__strict2_A__A06_d625113_p32_i00_397x121.png","24.3334","32","9","0.3103","0.0203","0.1821","no"
