case_id,page,row,column,contact_sheet_png
A001,1,1,1,artifacts/paper_a_chapter4_v1/visual_review_all_cases_v1/single_contact_sheets/single_page_001.png
A002,1,1,2,artifacts/paper_a_chapter4_v1/visual_review_all_cases_v1/single_contact_sheets/single_page_001.png
A003,1,1,3,artifacts/paper_a_chapter4_v1/visual_review_all_cases_v1/single_contact_sheets/single_page_001.png
A004,1,2,1,artifacts/paper_a_chapter4_v1/visual_review_all_cases_v1/single_contact_sheets/single_page_001.png
A005,1,2,2,artifacts/paper_a_chapter4_v1/visual_review_all_cases_v1/single_contact_sheets/single_page_001.png
A006,1,2,3,artifacts/paper_a_chapter4_v1/visual_review_all_cases_v1/single_contact_sheets/single_page_001.png
A007,2,1,1,artifacts/paper_a_chapter4_v1/visual_review_all_cases_v1/single_contact_sheets/single_page_002.png
A008,2,1,2,artifacts/paper_a_chapter4_v1/visual_review_all_cases_v1/single_contact_sheets/single_page_002.png
A009,2,1,3,artifacts/paper_a_chapter4_v1/visual_review_all_cases_v1/single_contact_sheets/single_page_002.png
A010,2,2,1,artifacts/paper_a_chapter4_v1/visual_review_all_cases_v1/single_contact_sheets/single_page_002.png
A011,2,2,2,artifacts/paper_a_chapter4_v1/visual_review_all_cases_v1/single_contact_sheets/single_page_002.png
A012,2,2,3,artifacts/paper_a_chapter4_v1/visual_review_all_cases_v1/single_contact_sheets/single_page_002.png
A013,3,1,1,artifacts/paper_a_chapter4_v1/visual_review_all_cases_v1/single_contact_sheets/single_page_003.png
A014,3,1,2,artifacts/paper_a_chapter4_v1/visual_review_all_cases_v1/single_contact_sheets/single_page_003.png
A015,3,1,3,artifacts/paper_a_chapter4_v1/visual_review_all_cases_v1/single_contact_sheets/single_page_003.png
A016,3,2,1,artifacts/paper_a_chapter4_v1/visual_review_all_cases_v1/single_contact_sheets/single_page_003.png
A017,3,2,2,artifacts/paper_a_chapter4_v1/visual_review_all_cases_v1/single_contact_sheets/single_page_003.png
A018,3,2,3,artifacts/paper_a_chapter4_v1/visual_review_all_cases_v1/single_contact_sheets/single_page_003.png
A019,4,1,1,artifacts/paper_a_chapter4_v1/visual_review_all_cases_v1/single_contact_sheets/single_page_004.png
A020,4,1,2,artifacts/paper_a_chapter4_v1/visual_review_all_cases_v1/single_contact_sheets/single_page_004.png
A021,4,1,3,artifacts/paper_a_chapter4_v1/visual_review_all_cases_v1/single_contact_sheets/single_page_004.png
A022,4,2,1,artifacts/paper_a_chapter4_v1/visual_review_all_cases_v1/single_contact_sheets/single_page_004.png
A023,4,2,2,artifacts/paper_a_chapter4_v1/visual_review_all_cases_v1/single_contact_sheets/single_page_004.png
A024,4,2,3,artifacts/paper_a_chapter4_v1/visual_review_all_cases_v1/single_contact_sheets/single_page_004.png
A025,5,1,1,artifacts/paper_a_chapter4_v1/visual_review_all_cases_v1/single_contact_sheets/single_page_005.png
A026,5,1,2,artifacts/paper_a_chapter4_v1/visual_review_all_cases_v1/single_contact_sheets/single_page_005.png
A027,5,1,3,artifacts/paper_a_chapter4_v1/visual_review_all_cases_v1/single_contact_sheets/single_page_005.png
A028,5,2,1,artifacts/paper_a_chapter4_v1/visual_review_all_cases_v1/single_contact_sheets/single_page_005.png
A029,5,2,2,artifacts/paper_a_chapter4_v1/visual_review_all_cases_v1/single_contact_sheets/single_page_005.png
A030,5,2,3,artifacts/paper_a_chapter4_v1/visual_review_all_cases_v1/single_contact_sheets/single_page_005.png
A031,6,1,1,artifacts/paper_a_chapter4_v1/visual_review_all_cases_v1/single_contact_sheets/single_page_006.png
A032,6,1,2,artifacts/paper_a_chapter4_v1/visual_review_all_cases_v1/single_contact_sheets/single_page_006.png
A033,6,1,3,artifacts/paper_a_chapter4_v1/visual_review_all_cases_v1/single_contact_sheets/single_page_006.png
A034,6,2,1,artifacts/paper_a_chapter4_v1/visual_review_all_cases_v1/single_contact_sheets/single_page_006.png
A035,6,2,2,artifacts/paper_a_chapter4_v1/visual_review_all_cases_v1/single_contact_sheets/single_page_006.png
A036,6,2,3,artifacts/paper_a_chapter4_v1/visual_review_all_cases_v1/single_contact_sheets/single_page_006.png
A037,7,1,1,artifacts/paper_a_chapter4_v1/visual_review_all_cases_v1/single_contact_sheets/single_page_007.png
A038,7,1,2,artifacts/paper_a_chapter4_v1/visual_review_all_cases_v1/single_contact_sheets/single_page_007.png
A039,7,1,3,artifacts/paper_a_chapter4_v1/visual_review_all_cases_v1/single_contact_sheets/single_page_007.png
A040,7,2,1,artifacts/paper_a_chapter4_v1/visual_review_all_cases_v1/single_contact_sheets/single_page_007.png
A041,7,2,2,artifacts/paper_a_chapter4_v1/visual_review_all_cases_v1/single_contact_sheets/single_page_007.png
A042,7,2,3,artifacts/paper_a_chapter4_v1/visual_review_all_cases_v1/single_contact_sheets/single_page_007.png
A043,8,1,1,artifacts/paper_a_chapter4_v1/visual_review_all_cases_v1/single_contact_sheets/single_page_008.png
A044,8,1,2,artifacts/paper_a_chapter4_v1/visual_review_all_cases_v1/single_contact_sheets/single_page_008.png
A045,8,1,3,artifacts/paper_a_chapter4_v1/visual_review_all_cases_v1/single_contact_sheets/single_page_008.png
A046,8,2,1,artifacts/paper_a_chapter4_v1/visual_review_all_cases_v1/single_contact_sheets/single_page_008.png
A047,8,2,2,artifacts/paper_a_chapter4_v1/visual_review_all_cases_v1/single_contact_sheets/single_page_008.png
A048,8,2,3,artifacts/paper_a_chapter4_v1/visual_review_all_cases_v1/single_contact_sheets/single_page_008.png
A049,9,1,1,artifacts/paper_a_chapter4_v1/visual_review_all_cases_v1/single_contact_sheets/single_page_009.png
A050,9,1,2,artifacts/paper_a_chapter4_v1/visual_review_all_cases_v1/single_contact_sheets/single_page_009.png
A051,9,1,3,artifacts/paper_a_chapter4_v1/visual_review_all_cases_v1/single_contact_sheets/single_page_009.png
A052,9,2,1,artifacts/paper_a_chapter4_v1/visual_review_all_cases_v1/single_contact_sheets/single_page_009.png
A053,9,2,2,artifacts/paper_a_chapter4_v1/visual_review_all_cases_v1/single_contact_sheets/single_page_009.png
A054,9,2,3,artifacts/paper_a_chapter4_v1/visual_review_all_cases_v1/single_contact_sheets/single_page_009.png
A055,10,1,1,artifacts/paper_a_chapter4_v1/visual_review_all_cases_v1/single_contact_sheets/single_page_010.png
A056,10,1,2,artifacts/paper_a_chapter4_v1/visual_review_all_cases_v1/single_contact_sheets/single_page_010.png
A057,10,1,3,artifacts/paper_a_chapter4_v1/visual_review_all_cases_v1/single_contact_sheets/single_page_010.png
A058,10,2,1,artifacts/paper_a_chapter4_v1/visual_review_all_cases_v1/single_contact_sheets/single_page_010.png
A059,10,2,2,artifacts/paper_a_chapter4_v1/visual_review_all_cases_v1/single_contact_sheets/single_page_010.png
A060,10,2,3,artifacts/paper_a_chapter4_v1/visual_review_all_cases_v1/single_contact_sheets/single_page_010.png
A061,11,1,1,artifacts/paper_a_chapter4_v1/visual_review_all_cases_v1/single_contact_sheets/single_page_011.png
A062,11,1,2,artifacts/paper_a_chapter4_v1/visual_review_all_cases_v1/single_contact_sheets/single_page_011.png
A063,11,1,3,artifacts/paper_a_chapter4_v1/visual_review_all_cases_v1/single_contact_sheets/single_page_011.png
A064,11,2,1,artifacts/paper_a_chapter4_v1/visual_review_all_cases_v1/single_contact_sheets/single_page_011.png
A065,11,2,2,artifacts/paper_a_chapter4_v1/visual_review_all_cases_v1/single_contact_sheets/single_page_011.png
A066,11,2,3,artifacts/paper_a_chapter4_v1/visual_review_all_cases_v1/single_contact_sheets/single_page_011.png
A067,12,1,1,artifacts/paper_a_chapter4_v1/visual_review_all_cases_v1/single_contact_sheets/single_page_012.png
A068,12,1,2,artifacts/paper_a_chapter4_v1/visual_review_all_cases_v1/single_contact_sheets/single_page_012.png
A069,12,1,3,artifacts/paper_a_chapter4_v1/visual_review_all_cases_v1/single_contact_sheets/single_page_012.png
A070,12,2,1,artifacts/paper_a_chapter4_v1/visual_review_all_cases_v1/single_contact_sheets/single_page_012.png
A071,12,2,2,artifacts/paper_a_chapter4_v1/visual_review_all_cases_v1/single_contact_sheets/single_page_012.png
A072,12,2,3,artifacts/paper_a_chapter4_v1/visual_review_all_cases_v1/single_contact_sheets/single_page_012.png
A073,13,1,1,artifacts/paper_a_chapter4_v1/visual_review_all_cases_v1/single_contact_sheets/single_page_013.png
A074,13,1,2,artifacts/paper_a_chapter4_v1/visual_review_all_cases_v1/single_contact_sheets/single_page_013.png
A075,13,1,3,artifacts/paper_a_chapter4_v1/visual_review_all_cases_v1/single_contact_sheets/single_page_013.png
A076,13,2,1,artifacts/paper_a_chapter4_v1/visual_review_all_cases_v1/single_contact_sheets/single_page_013.png
A077,13,2,2,artifacts/paper_a_chapter4_v1/visual_review_all_cases_v1/single_contact_sheets/single_page_013.png
A078,13,2,3,artifacts/paper_a_chapter4_v1/visual_review_all_cases_v1/single_contact_sheets/single_page_013.png
A079,14,1,1,artifacts/paper_a_chapter4_v1/visual_review_all_cases_v1/single_contact_sheets/single_page_014.png
A080,14,1,2,artifacts/paper_a_chapter4_v1/visual_review_all_cases_v1/single_contact_sheets/single_page_014.png
A081,14,1,3,artifacts/paper_a_chapter4_v1/visual_review_all_cases_v1/single_contact_sheets/single_page_014.png
A082,14,2,1,artifacts/paper_a_chapter4_v1/visual_review_all_cases_v1/single_contact_sheets/single_page_014.png
A083,14,2,2,artifacts/paper_a_chapter4_v1/visual_review_all_cases_v1/single_contact_sheets/single_page_014.png
A084,14,2,3,artifacts/paper_a_chapter4_v1/visual_review_all_cases_v1/single_contact_sheets/single_page_014.png
A085,15,1,1,artifacts/paper_a_chapter4_v1/visual_review_all_cases_v1/single_contact_sheets/single_page_015.png
A086,15,1,2,artifacts/paper_a_chapter4_v1/visual_review_all_cases_v1/single_contact_sheets/single_page_015.png
A087,15,1,3,artifacts/paper_a_chapter4_v1/visual_review_all_cases_v1/single_contact_sheets/single_page_015.png
A088,15,2,1,artifacts/paper_a_chapter4_v1/visual_review_all_cases_v1/single_contact_sheets/single_page_015.png
A089,15,2,2,artifacts/paper_a_chapter4_v1/visual_review_all_cases_v1/single_contact_sheets/single_page_015.png
A090,15,2,3,artifacts/paper_a_chapter4_v1/visual_review_all_cases_v1/single_contact_sheets/single_page_015.png
A091,16,1,1,artifacts/paper_a_chapter4_v1/visual_review_all_cases_v1/single_contact_sheets/single_page_016.png
A092,16,1,2,artifacts/paper_a_chapter4_v1/visual_review_all_cases_v1/single_contact_sheets/single_page_016.png
A093,16,1,3,artifacts/paper_a_chapter4_v1/visual_review_all_cases_v1/single_contact_sheets/single_page_016.png
A094,16,2,1,artifacts/paper_a_chapter4_v1/visual_review_all_cases_v1/single_contact_sheets/single_page_016.png
A095,16,2,2,artifacts/paper_a_chapter4_v1/visual_review_all_cases_v1/single_contact_sheets/single_page_016.png
A096,16,2,3,artifacts/paper_a_chapter4_v1/visual_review_all_cases_v1/single_contact_sheets/single_page_016.png
A097,17,1,1,artifacts/paper_a_chapter4_v1/visual_review_all_cases_v1/single_contact_sheets/single_page_017.png
A098,17,1,2,artifacts/paper_a_chapter4_v1/visual_review_all_cases_v1/single_contact_sheets/single_page_017.png
A099,17,1,3,artifacts/paper_a_chapter4_v1/visual_review_all_cases_v1/single_contact_sheets/single_page_017.png
A100,17,2,1,artifacts/paper_a_chapter4_v1/visual_review_all_cases_v1/single_contact_sheets/single_page_017.png
A101,17,2,2,artifacts/paper_a_chapter4_v1/visual_review_all_cases_v1/single_contact_sheets/single_page_017.png
A102,17,2,3,artifacts/paper_a_chapter4_v1/visual_review_all_cases_v1/single_contact_sheets/single_page_017.png
A103,18,1,1,artifacts/paper_a_chapter4_v1/visual_review_all_cases_v1/single_contact_sheets/single_page_018.png
A104,18,1,2,artifacts/paper_a_chapter4_v1/visual_review_all_cases_v1/single_contact_sheets/single_page_018.png
A105,18,1,3,artifacts/paper_a_chapter4_v1/visual_review_all_cases_v1/single_contact_sheets/single_page_018.png
A106,18,2,1,artifacts/paper_a_chapter4_v1/visual_review_all_cases_v1/single_contact_sheets/single_page_018.png
A107,18,2,2,artifacts/paper_a_chapter4_v1/visual_review_all_cases_v1/single_contact_sheets/single_page_018.png
A108,18,2,3,artifacts/paper_a_chapter4_v1/visual_review_all_cases_v1/single_contact_sheets/single_page_018.png
A109,19,1,1,artifacts/paper_a_chapter4_v1/visual_review_all_cases_v1/single_contact_sheets/single_page_019.png
A110,19,1,2,artifacts/paper_a_chapter4_v1/visual_review_all_cases_v1/single_contact_sheets/single_page_019.png
A111,19,1,3,artifacts/paper_a_chapter4_v1/visual_review_all_cases_v1/single_contact_sheets/single_page_019.png
A112,19,2,1,artifacts/paper_a_chapter4_v1/visual_review_all_cases_v1/single_contact_sheets/single_page_019.png
A113,19,2,2,artifacts/paper_a_chapter4_v1/visual_review_all_cases_v1/single_contact_sheets/single_page_019.png
A114,19,2,3,artifacts/paper_a_chapter4_v1/visual_review_all_cases_v1/single_contact_sheets/single_page_019.png
A115,20,1,1,artifacts/paper_a_chapter4_v1/visual_review_all_cases_v1/single_contact_sheets/single_page_020.png
A116,20,1,2,artifacts/paper_a_chapter4_v1/visual_review_all_cases_v1/single_contact_sheets/single_page_020.png
A117,20,1,3,artifacts/paper_a_chapter4_v1/visual_review_all_cases_v1/single_contact_sheets/single_page_020.png
A118,20,2,1,artifacts/paper_a_chapter4_v1/visual_review_all_cases_v1/single_contact_sheets/single_page_020.png
A119,20,2,2,artifacts/paper_a_chapter4_v1/visual_review_all_cases_v1/single_contact_sheets/single_page_020.png
A120,20,2,3,artifacts/paper_a_chapter4_v1/visual_review_all_cases_v1/single_contact_sheets/single_page_020.png
A121,21,1,1,artifacts/paper_a_chapter4_v1/visual_review_all_cases_v1/single_contact_sheets/single_page_021.png
A122,21,1,2,artifacts/paper_a_chapter4_v1/visual_review_all_cases_v1/single_contact_sheets/single_page_021.png
A123,21,1,3,artifacts/paper_a_chapter4_v1/visual_review_all_cases_v1/single_contact_sheets/single_page_021.png
A124,21,2,1,artifacts/paper_a_chapter4_v1/visual_review_all_cases_v1/single_contact_sheets/single_page_021.png
A125,21,2,2,artifacts/paper_a_chapter4_v1/visual_review_all_cases_v1/single_contact_sheets/single_page_021.png
A126,21,2,3,artifacts/paper_a_chapter4_v1/visual_review_all_cases_v1/single_contact_sheets/single_page_021.png
A127,22,1,1,artifacts/paper_a_chapter4_v1/visual_review_all_cases_v1/single_contact_sheets/single_page_022.png
A128,22,1,2,artifacts/paper_a_chapter4_v1/visual_review_all_cases_v1/single_contact_sheets/single_page_022.png
A129,22,1,3,artifacts/paper_a_chapter4_v1/visual_review_all_cases_v1/single_contact_sheets/single_page_022.png
A130,22,2,1,artifacts/paper_a_chapter4_v1/visual_review_all_cases_v1/single_contact_sheets/single_page_022.png
A131,22,2,2,artifacts/paper_a_chapter4_v1/visual_review_all_cases_v1/single_contact_sheets/single_page_022.png
A132,22,2,3,artifacts/paper_a_chapter4_v1/visual_review_all_cases_v1/single_contact_sheets/single_page_022.png
A133,23,1,1,artifacts/paper_a_chapter4_v1/visual_review_all_cases_v1/single_contact_sheets/single_page_023.png
A134,23,1,2,artifacts/paper_a_chapter4_v1/visual_review_all_cases_v1/single_contact_sheets/single_page_023.png
A135,23,1,3,artifacts/paper_a_chapter4_v1/visual_review_all_cases_v1/single_contact_sheets/single_page_023.png
A136,23,2,1,artifacts/paper_a_chapter4_v1/visual_review_all_cases_v1/single_contact_sheets/single_page_023.png
A137,23,2,2,artifacts/paper_a_chapter4_v1/visual_review_all_cases_v1/single_contact_sheets/single_page_023.png
A138,23,2,3,artifacts/paper_a_chapter4_v1/visual_review_all_cases_v1/single_contact_sheets/single_page_023.png
A139,24,1,1,artifacts/paper_a_chapter4_v1/visual_review_all_cases_v1/single_contact_sheets/single_page_024.png
A140,24,1,2,artifacts/paper_a_chapter4_v1/visual_review_all_cases_v1/single_contact_sheets/single_page_024.png
A141,24,1,3,artifacts/paper_a_chapter4_v1/visual_review_all_cases_v1/single_contact_sheets/single_page_024.png
A142,24,2,1,artifacts/paper_a_chapter4_v1/visual_review_all_cases_v1/single_contact_sheets/single_page_024.png
A143,24,2,2,artifacts/paper_a_chapter4_v1/visual_review_all_cases_v1/single_contact_sheets/single_page_024.png
A144,24,2,3,artifacts/paper_a_chapter4_v1/visual_review_all_cases_v1/single_contact_sheets/single_page_024.png
A145,25,1,1,artifacts/paper_a_chapter4_v1/visual_review_all_cases_v1/single_contact_sheets/single_page_025.png
A146,25,1,2,artifacts/paper_a_chapter4_v1/visual_review_all_cases_v1/single_contact_sheets/single_page_025.png
A147,25,1,3,artifacts/paper_a_chapter4_v1/visual_review_all_cases_v1/single_contact_sheets/single_page_025.png
A148,25,2,1,artifacts/paper_a_chapter4_v1/visual_review_all_cases_v1/single_contact_sheets/single_page_025.png
A149,25,2,2,artifacts/paper_a_chapter4_v1/visual_review_all_cases_v1/single_contact_sheets/single_page_025.png
A150,25,2,3,artifacts/paper_a_chapter4_v1/visual_review_all_cases_v1/single_contact_sheets/single_page_025.png
A151,26,1,1,artifacts/paper_a_chapter4_v1/visual_review_all_cases_v1/single_contact_sheets/single_page_026.png
A152,26,1,2,artifacts/paper_a_chapter4_v1/visual_review_all_cases_v1/single_contact_sheets/single_page_026.png
A153,26,1,3,artifacts/paper_a_chapter4_v1/visual_review_all_cases_v1/single_contact_sheets/single_page_026.png
A154,26,2,1,artifacts/paper_a_chapter4_v1/visual_review_all_cases_v1/single_contact_sheets/single_page_026.png
A155,26,2,2,artifacts/paper_a_chapter4_v1/visual_review_all_cases_v1/single_contact_sheets/single_page_026.png
A156,26,2,3,artifacts/paper_a_chapter4_v1/visual_review_all_cases_v1/single_contact_sheets/single_page_026.png
A157,27,1,1,artifacts/paper_a_chapter4_v1/visual_review_all_cases_v1/single_contact_sheets/single_page_027.png
A158,27,1,2,artifacts/paper_a_chapter4_v1/visual_review_all_cases_v1/single_contact_sheets/single_page_027.png
A159,27,1,3,artifacts/paper_a_chapter4_v1/visual_review_all_cases_v1/single_contact_sheets/single_page_027.png
A160,27,2,1,artifacts/paper_a_chapter4_v1/visual_review_all_cases_v1/single_contact_sheets/single_page_027.png
A161,27,2,2,artifacts/paper_a_chapter4_v1/visual_review_all_cases_v1/single_contact_sheets/single_page_027.png
A162,27,2,3,artifacts/paper_a_chapter4_v1/visual_review_all_cases_v1/single_contact_sheets/single_page_027.png
A163,28,1,1,artifacts/paper_a_chapter4_v1/visual_review_all_cases_v1/single_contact_sheets/single_page_028.png
A164,28,1,2,artifacts/paper_a_chapter4_v1/visual_review_all_cases_v1/single_contact_sheets/single_page_028.png
A165,28,1,3,artifacts/paper_a_chapter4_v1/visual_review_all_cases_v1/single_contact_sheets/single_page_028.png
A166,28,2,1,artifacts/paper_a_chapter4_v1/visual_review_all_cases_v1/single_contact_sheets/single_page_028.png
A167,28,2,2,artifacts/paper_a_chapter4_v1/visual_review_all_cases_v1/single_contact_sheets/single_page_028.png
A168,28,2,3,artifacts/paper_a_chapter4_v1/visual_review_all_cases_v1/single_contact_sheets/single_page_028.png
A169,29,1,1,artifacts/paper_a_chapter4_v1/visual_review_all_cases_v1/single_contact_sheets/single_page_029.png
A170,29,1,2,artifacts/paper_a_chapter4_v1/visual_review_all_cases_v1/single_contact_sheets/single_page_029.png
A171,29,1,3,artifacts/paper_a_chapter4_v1/visual_review_all_cases_v1/single_contact_sheets/single_page_029.png
A172,29,2,1,artifacts/paper_a_chapter4_v1/visual_review_all_cases_v1/single_contact_sheets/single_page_029.png
A173,29,2,2,artifacts/paper_a_chapter4_v1/visual_review_all_cases_v1/single_contact_sheets/single_page_029.png
A174,29,2,3,artifacts/paper_a_chapter4_v1/visual_review_all_cases_v1/single_contact_sheets/single_page_029.png
A175,30,1,1,artifacts/paper_a_chapter4_v1/visual_review_all_cases_v1/single_contact_sheets/single_page_030.png
A176,30,1,2,artifacts/paper_a_chapter4_v1/visual_review_all_cases_v1/single_contact_sheets/single_page_030.png
A177,30,1,3,artifacts/paper_a_chapter4_v1/visual_review_all_cases_v1/single_contact_sheets/single_page_030.png
A178,30,2,1,artifacts/paper_a_chapter4_v1/visual_review_all_cases_v1/single_contact_sheets/single_page_030.png
A179,30,2,2,artifacts/paper_a_chapter4_v1/visual_review_all_cases_v1/single_contact_sheets/single_page_030.png
A180,30,2,3,artifacts/paper_a_chapter4_v1/visual_review_all_cases_v1/single_contact_sheets/single_page_030.png
A181,31,1,1,artifacts/paper_a_chapter4_v1/visual_review_all_cases_v1/single_contact_sheets/single_page_031.png
A182,31,1,2,artifacts/paper_a_chapter4_v1/visual_review_all_cases_v1/single_contact_sheets/single_page_031.png
A183,31,1,3,artifacts/paper_a_chapter4_v1/visual_review_all_cases_v1/single_contact_sheets/single_page_031.png
A184,31,2,1,artifacts/paper_a_chapter4_v1/visual_review_all_cases_v1/single_contact_sheets/single_page_031.png
A185,31,2,2,artifacts/paper_a_chapter4_v1/visual_review_all_cases_v1/single_contact_sheets/single_page_031.png
A186,31,2,3,artifacts/paper_a_chapter4_v1/visual_review_all_cases_v1/single_contact_sheets/single_page_031.png
A187,32,1,1,artifacts/paper_a_chapter4_v1/visual_review_all_cases_v1/single_contact_sheets/single_page_032.png
A188,32,1,2,artifacts/paper_a_chapter4_v1/visual_review_all_cases_v1/single_contact_sheets/single_page_032.png
A189,32,1,3,artifacts/paper_a_chapter4_v1/visual_review_all_cases_v1/single_contact_sheets/single_page_032.png
A190,32,2,1,artifacts/paper_a_chapter4_v1/visual_review_all_cases_v1/single_contact_sheets/single_page_032.png
A191,32,2,2,artifacts/paper_a_chapter4_v1/visual_review_all_cases_v1/single_contact_sheets/single_page_032.png
A192,32,2,3,artifacts/paper_a_chapter4_v1/visual_review_all_cases_v1/single_contact_sheets/single_page_032.png
A193,33,1,1,artifacts/paper_a_chapter4_v1/visual_review_all_cases_v1/single_contact_sheets/single_page_033.png
A194,33,1,2,artifacts/paper_a_chapter4_v1/visual_review_all_cases_v1/single_contact_sheets/single_page_033.png
A195,33,1,3,artifacts/paper_a_chapter4_v1/visual_review_all_cases_v1/single_contact_sheets/single_page_033.png
A196,33,2,1,artifacts/paper_a_chapter4_v1/visual_review_all_cases_v1/single_contact_sheets/single_page_033.png
A197,33,2,2,artifacts/paper_a_chapter4_v1/visual_review_all_cases_v1/single_contact_sheets/single_page_033.png
A198,33,2,3,artifacts/paper_a_chapter4_v1/visual_review_all_cases_v1/single_contact_sheets/single_page_033.png
A199,34,1,1,artifacts/paper_a_chapter4_v1/visual_review_all_cases_v1/single_contact_sheets/single_page_034.png
A200,34,1,2,artifacts/paper_a_chapter4_v1/visual_review_all_cases_v1/single_contact_sheets/single_page_034.png
A201,34,1,3,artifacts/paper_a_chapter4_v1/visual_review_all_cases_v1/single_contact_sheets/single_page_034.png
A202,34,2,1,artifacts/paper_a_chapter4_v1/visual_review_all_cases_v1/single_contact_sheets/single_page_034.png
A203,34,2,2,artifacts/paper_a_chapter4_v1/visual_review_all_cases_v1/single_contact_sheets/single_page_034.png
A204,34,2,3,artifacts/paper_a_chapter4_v1/visual_review_all_cases_v1/single_contact_sheets/single_page_034.png
A205,35,1,1,artifacts/paper_a_chapter4_v1/visual_review_all_cases_v1/single_contact_sheets/single_page_035.png
A206,35,1,2,artifacts/paper_a_chapter4_v1/visual_review_all_cases_v1/single_contact_sheets/single_page_035.png
A207,35,1,3,artifacts/paper_a_chapter4_v1/visual_review_all_cases_v1/single_contact_sheets/single_page_035.png
A208,35,2,1,artifacts/paper_a_chapter4_v1/visual_review_all_cases_v1/single_contact_sheets/single_page_035.png
A209,35,2,2,artifacts/paper_a_chapter4_v1/visual_review_all_cases_v1/single_contact_sheets/single_page_035.png
A210,35,2,3,artifacts/paper_a_chapter4_v1/visual_review_all_cases_v1/single_contact_sheets/single_page_035.png
A211,36,1,1,artifacts/paper_a_chapter4_v1/visual_review_all_cases_v1/single_contact_sheets/single_page_036.png
A212,36,1,2,artifacts/paper_a_chapter4_v1/visual_review_all_cases_v1/single_contact_sheets/single_page_036.png
A213,36,1,3,artifacts/paper_a_chapter4_v1/visual_review_all_cases_v1/single_contact_sheets/single_page_036.png
A214,36,2,1,artifacts/paper_a_chapter4_v1/visual_review_all_cases_v1/single_contact_sheets/single_page_036.png
A215,36,2,2,artifacts/paper_a_chapter4_v1/visual_review_all_cases_v1/single_contact_sheets/single_page_036.png
A216,36,2,3,artifacts/paper_a_chapter4_v1/visual_review_all_cases_v1/single_contact_sheets/single_page_036.png
A217,37,1,1,artifacts/paper_a_chapter4_v1/visual_review_all_cases_v1/single_contact_sheets/single_page_037.png
A218,37,1,2,artifacts/paper_a_chapter4_v1/visual_review_all_cases_v1/single_contact_sheets/single_page_037.png
A219,37,1,3,artifacts/paper_a_chapter4_v1/visual_review_all_cases_v1/single_contact_sheets/single_page_037.png
A220,37,2,1,artifacts/paper_a_chapter4_v1/visual_review_all_cases_v1/single_contact_sheets/single_page_037.png
A221,37,2,2,artifacts/paper_a_chapter4_v1/visual_review_all_cases_v1/single_contact_sheets/single_page_037.png
A222,37,2,3,artifacts/paper_a_chapter4_v1/visual_review_all_cases_v1/single_contact_sheets/single_page_037.png
A223,38,1,1,artifacts/paper_a_chapter4_v1/visual_review_all_cases_v1/single_contact_sheets/single_page_038.png
A224,38,1,2,artifacts/paper_a_chapter4_v1/visual_review_all_cases_v1/single_contact_sheets/single_page_038.png
A225,38,1,3,artifacts/paper_a_chapter4_v1/visual_review_all_cases_v1/single_contact_sheets/single_page_038.png
A226,38,2,1,artifacts/paper_a_chapter4_v1/visual_review_all_cases_v1/single_contact_sheets/single_page_038.png
A227,38,2,2,artifacts/paper_a_chapter4_v1/visual_review_all_cases_v1/single_contact_sheets/single_page_038.png
A228,38,2,3,artifacts/paper_a_chapter4_v1/visual_review_all_cases_v1/single_contact_sheets/single_page_038.png
A229,39,1,1,artifacts/paper_a_chapter4_v1/visual_review_all_cases_v1/single_contact_sheets/single_page_039.png
A230,39,1,2,artifacts/paper_a_chapter4_v1/visual_review_all_cases_v1/single_contact_sheets/single_page_039.png
A231,39,1,3,artifacts/paper_a_chapter4_v1/visual_review_all_cases_v1/single_contact_sheets/single_page_039.png
A232,39,2,1,artifacts/paper_a_chapter4_v1/visual_review_all_cases_v1/single_contact_sheets/single_page_039.png
A233,39,2,2,artifacts/paper_a_chapter4_v1/visual_review_all_cases_v1/single_contact_sheets/single_page_039.png
A234,39,2,3,artifacts/paper_a_chapter4_v1/visual_review_all_cases_v1/single_contact_sheets/single_page_039.png
A235,40,1,1,artifacts/paper_a_chapter4_v1/visual_review_all_cases_v1/single_contact_sheets/single_page_040.png
A236,40,1,2,artifacts/paper_a_chapter4_v1/visual_review_all_cases_v1/single_contact_sheets/single_page_040.png
A237,40,1,3,artifacts/paper_a_chapter4_v1/visual_review_all_cases_v1/single_contact_sheets/single_page_040.png
A238,40,2,1,artifacts/paper_a_chapter4_v1/visual_review_all_cases_v1/single_contact_sheets/single_page_040.png
A239,40,2,2,artifacts/paper_a_chapter4_v1/visual_review_all_cases_v1/single_contact_sheets/single_page_040.png
A240,40,2,3,artifacts/paper_a_chapter4_v1/visual_review_all_cases_v1/single_contact_sheets/single_page_040.png
A241,41,1,1,artifacts/paper_a_chapter4_v1/visual_review_all_cases_v1/single_contact_sheets/single_page_041.png
A242,41,1,2,artifacts/paper_a_chapter4_v1/visual_review_all_cases_v1/single_contact_sheets/single_page_041.png
A243,41,1,3,artifacts/paper_a_chapter4_v1/visual_review_all_cases_v1/single_contact_sheets/single_page_041.png
A244,41,2,1,artifacts/paper_a_chapter4_v1/visual_review_all_cases_v1/single_contact_sheets/single_page_041.png
A245,41,2,2,artifacts/paper_a_chapter4_v1/visual_review_all_cases_v1/single_contact_sheets/single_page_041.png
A246,41,2,3,artifacts/paper_a_chapter4_v1/visual_review_all_cases_v1/single_contact_sheets/single_page_041.png
A247,42,1,1,artifacts/paper_a_chapter4_v1/visual_review_all_cases_v1/single_contact_sheets/single_page_042.png
A248,42,1,2,artifacts/paper_a_chapter4_v1/visual_review_all_cases_v1/single_contact_sheets/single_page_042.png
A249,42,1,3,artifacts/paper_a_chapter4_v1/visual_review_all_cases_v1/single_contact_sheets/single_page_042.png
A250,42,2,1,artifacts/paper_a_chapter4_v1/visual_review_all_cases_v1/single_contact_sheets/single_page_042.png
A251,42,2,2,artifacts/paper_a_chapter4_v1/visual_review_all_cases_v1/single_contact_sheets/single_page_042.png
A252,42,2,3,artifacts/paper_a_chapter4_v1/visual_review_all_cases_v1/single_contact_sheets/single_page_042.png
A253,43,1,1,artifacts/paper_a_chapter4_v1/visual_review_all_cases_v1/single_contact_sheets/single_page_043.png
A254,43,1,2,artifacts/paper_a_chapter4_v1/visual_review_all_cases_v1/single_contact_sheets/single_page_043.png
A255,43,1,3,artifacts/paper_a_chapter4_v1/visual_review_all_cases_v1/single_contact_sheets/single_page_043.png
A256,43,2,1,artifacts/paper_a_chapter4_v1/visual_review_all_cases_v1/single_contact_sheets/single_page_043.png
A257,43,2,2,artifacts/paper_a_chapter4_v1/visual_review_all_cases_v1/single_contact_sheets/single_page_043.png
A258,43,2,3,artifacts/paper_a_chapter4_v1/visual_review_all_cases_v1/single_contact_sheets/single_page_043.png
A259,44,1,1,artifacts/paper_a_chapter4_v1/visual_review_all_cases_v1/single_contact_sheets/single_page_044.png
A260,44,1,2,artifacts/paper_a_chapter4_v1/visual_review_all_cases_v1/single_contact_sheets/single_page_044.png
A261,44,1,3,artifacts/paper_a_chapter4_v1/visual_review_all_cases_v1/single_contact_sheets/single_page_044.png
A262,44,2,1,artifacts/paper_a_chapter4_v1/visual_review_all_cases_v1/single_contact_sheets/single_page_044.png
A263,44,2,2,artifacts/paper_a_chapter4_v1/visual_review_all_cases_v1/single_contact_sheets/single_page_044.png
A264,44,2,3,artifacts/paper_a_chapter4_v1/visual_review_all_cases_v1/single_contact_sheets/single_page_044.png
A265,45,1,1,artifacts/paper_a_chapter4_v1/visual_review_all_cases_v1/single_contact_sheets/single_page_045.png
A266,45,1,2,artifacts/paper_a_chapter4_v1/visual_review_all_cases_v1/single_contact_sheets/single_page_045.png
A267,45,1,3,artifacts/paper_a_chapter4_v1/visual_review_all_cases_v1/single_contact_sheets/single_page_045.png
A268,45,2,1,artifacts/paper_a_chapter4_v1/visual_review_all_cases_v1/single_contact_sheets/single_page_045.png
A269,45,2,2,artifacts/paper_a_chapter4_v1/visual_review_all_cases_v1/single_contact_sheets/single_page_045.png
A270,45,2,3,artifacts/paper_a_chapter4_v1/visual_review_all_cases_v1/single_contact_sheets/single_page_045.png
A271,46,1,1,artifacts/paper_a_chapter4_v1/visual_review_all_cases_v1/single_contact_sheets/single_page_046.png
A272,46,1,2,artifacts/paper_a_chapter4_v1/visual_review_all_cases_v1/single_contact_sheets/single_page_046.png
A273,46,1,3,artifacts/paper_a_chapter4_v1/visual_review_all_cases_v1/single_contact_sheets/single_page_046.png
A274,46,2,1,artifacts/paper_a_chapter4_v1/visual_review_all_cases_v1/single_contact_sheets/single_page_046.png
A275,46,2,2,artifacts/paper_a_chapter4_v1/visual_review_all_cases_v1/single_contact_sheets/single_page_046.png
A276,46,2,3,artifacts/paper_a_chapter4_v1/visual_review_all_cases_v1/single_contact_sheets/single_page_046.png
A277,47,1,1,artifacts/paper_a_chapter4_v1/visual_review_all_cases_v1/single_contact_sheets/single_page_047.png
A278,47,1,2,artifacts/paper_a_chapter4_v1/visual_review_all_cases_v1/single_contact_sheets/single_page_047.png
A279,47,1,3,artifacts/paper_a_chapter4_v1/visual_review_all_cases_v1/single_contact_sheets/single_page_047.png
A280,47,2,1,artifacts/paper_a_chapter4_v1/visual_review_all_cases_v1/single_contact_sheets/single_page_047.png
A281,47,2,2,artifacts/paper_a_chapter4_v1/visual_review_all_cases_v1/single_contact_sheets/single_page_047.png
A282,47,2,3,artifacts/paper_a_chapter4_v1/visual_review_all_cases_v1/single_contact_sheets/single_page_047.png
A283,48,1,1,artifacts/paper_a_chapter4_v1/visual_review_all_cases_v1/single_contact_sheets/single_page_048.png
A284,48,1,2,artifacts/paper_a_chapter4_v1/visual_review_all_cases_v1/single_contact_sheets/single_page_048.png
A285,48,1,3,artifacts/paper_a_chapter4_v1/visual_review_all_cases_v1/single_contact_sheets/single_page_048.png
A286,48,2,1,artifacts/paper_a_chapter4_v1/visual_review_all_cases_v1/single_contact_sheets/single_page_048.png
A287,48,2,2,artifacts/paper_a_chapter4_v1/visual_review_all_cases_v1/single_contact_sheets/single_page_048.png
A288,48,2,3,artifacts/paper_a_chapter4_v1/visual_review_all_cases_v1/single_contact_sheets/single_page_048.png
A289,49,1,1,artifacts/paper_a_chapter4_v1/visual_review_all_cases_v1/single_contact_sheets/single_page_049.png
A290,49,1,2,artifacts/paper_a_chapter4_v1/visual_review_all_cases_v1/single_contact_sheets/single_page_049.png
A291,49,1,3,artifacts/paper_a_chapter4_v1/visual_review_all_cases_v1/single_contact_sheets/single_page_049.png
A292,49,2,1,artifacts/paper_a_chapter4_v1/visual_review_all_cases_v1/single_contact_sheets/single_page_049.png
A293,49,2,2,artifacts/paper_a_chapter4_v1/visual_review_all_cases_v1/single_contact_sheets/single_page_049.png
A294,49,2,3,artifacts/paper_a_chapter4_v1/visual_review_all_cases_v1/single_contact_sheets/single_page_049.png
A295,50,1,1,artifacts/paper_a_chapter4_v1/visual_review_all_cases_v1/single_contact_sheets/single_page_050.png
A296,50,1,2,artifacts/paper_a_chapter4_v1/visual_review_all_cases_v1/single_contact_sheets/single_page_050.png
A297,50,1,3,artifacts/paper_a_chapter4_v1/visual_review_all_cases_v1/single_contact_sheets/single_page_050.png
A298,50,2,1,artifacts/paper_a_chapter4_v1/visual_review_all_cases_v1/single_contact_sheets/single_page_050.png
A299,50,2,2,artifacts/paper_a_chapter4_v1/visual_review_all_cases_v1/single_contact_sheets/single_page_050.png
A300,50,2,3,artifacts/paper_a_chapter4_v1/visual_review_all_cases_v1/single_contact_sheets/single_page_050.png
A301,51,1,1,artifacts/paper_a_chapter4_v1/visual_review_all_cases_v1/single_contact_sheets/single_page_051.png
A302,51,1,2,artifacts/paper_a_chapter4_v1/visual_review_all_cases_v1/single_contact_sheets/single_page_051.png
A303,51,1,3,artifacts/paper_a_chapter4_v1/visual_review_all_cases_v1/single_contact_sheets/single_page_051.png
A304,51,2,1,artifacts/paper_a_chapter4_v1/visual_review_all_cases_v1/single_contact_sheets/single_page_051.png
A305,51,2,2,artifacts/paper_a_chapter4_v1/visual_review_all_cases_v1/single_contact_sheets/single_page_051.png
A306,51,2,3,artifacts/paper_a_chapter4_v1/visual_review_all_cases_v1/single_contact_sheets/single_page_051.png
A307,52,1,1,artifacts/paper_a_chapter4_v1/visual_review_all_cases_v1/single_contact_sheets/single_page_052.png
A308,52,1,2,artifacts/paper_a_chapter4_v1/visual_review_all_cases_v1/single_contact_sheets/single_page_052.png
A309,52,1,3,artifacts/paper_a_chapter4_v1/visual_review_all_cases_v1/single_contact_sheets/single_page_052.png
A310,52,2,1,artifacts/paper_a_chapter4_v1/visual_review_all_cases_v1/single_contact_sheets/single_page_052.png
A311,52,2,2,artifacts/paper_a_chapter4_v1/visual_review_all_cases_v1/single_contact_sheets/single_page_052.png
A312,52,2,3,artifacts/paper_a_chapter4_v1/visual_review_all_cases_v1/single_contact_sheets/single_page_052.png
A313,53,1,1,artifacts/paper_a_chapter4_v1/visual_review_all_cases_v1/single_contact_sheets/single_page_053.png
A314,53,1,2,artifacts/paper_a_chapter4_v1/visual_review_all_cases_v1/single_contact_sheets/single_page_053.png
A315,53,1,3,artifacts/paper_a_chapter4_v1/visual_review_all_cases_v1/single_contact_sheets/single_page_053.png
A316,53,2,1,artifacts/paper_a_chapter4_v1/visual_review_all_cases_v1/single_contact_sheets/single_page_053.png
A317,53,2,2,artifacts/paper_a_chapter4_v1/visual_review_all_cases_v1/single_contact_sheets/single_page_053.png
A318,53,2,3,artifacts/paper_a_chapter4_v1/visual_review_all_cases_v1/single_contact_sheets/single_page_053.png
A319,54,1,1,artifacts/paper_a_chapter4_v1/visual_review_all_cases_v1/single_contact_sheets/single_page_054.png
A320,54,1,2,artifacts/paper_a_chapter4_v1/visual_review_all_cases_v1/single_contact_sheets/single_page_054.png
A321,54,1,3,artifacts/paper_a_chapter4_v1/visual_review_all_cases_v1/single_contact_sheets/single_page_054.png
A322,54,2,1,artifacts/paper_a_chapter4_v1/visual_review_all_cases_v1/single_contact_sheets/single_page_054.png
A323,54,2,2,artifacts/paper_a_chapter4_v1/visual_review_all_cases_v1/single_contact_sheets/single_page_054.png
A324,54,2,3,artifacts/paper_a_chapter4_v1/visual_review_all_cases_v1/single_contact_sheets/single_page_054.png
A325,55,1,1,artifacts/paper_a_chapter4_v1/visual_review_all_cases_v1/single_contact_sheets/single_page_055.png
A326,55,1,2,artifacts/paper_a_chapter4_v1/visual_review_all_cases_v1/single_contact_sheets/single_page_055.png
A327,55,1,3,artifacts/paper_a_chapter4_v1/visual_review_all_cases_v1/single_contact_sheets/single_page_055.png
A328,55,2,1,artifacts/paper_a_chapter4_v1/visual_review_all_cases_v1/single_contact_sheets/single_page_055.png
A329,55,2,2,artifacts/paper_a_chapter4_v1/visual_review_all_cases_v1/single_contact_sheets/single_page_055.png
A330,55,2,3,artifacts/paper_a_chapter4_v1/visual_review_all_cases_v1/single_contact_sheets/single_page_055.png
A331,56,1,1,artifacts/paper_a_chapter4_v1/visual_review_all_cases_v1/single_contact_sheets/single_page_056.png
A332,56,1,2,artifacts/paper_a_chapter4_v1/visual_review_all_cases_v1/single_contact_sheets/single_page_056.png
A333,56,1,3,artifacts/paper_a_chapter4_v1/visual_review_all_cases_v1/single_contact_sheets/single_page_056.png
A334,56,2,1,artifacts/paper_a_chapter4_v1/visual_review_all_cases_v1/single_contact_sheets/single_page_056.png
A335,56,2,2,artifacts/paper_a_chapter4_v1/visual_review_all_cases_v1/single_contact_sheets/single_page_056.png
A336,56,2,3,artifacts/paper_a_chapter4_v1/visual_review_all_cases_v1/single_contact_sheets/single_page_056.png
A337,57,1,1,artifacts/paper_a_chapter4_v1/visual_review_all_cases_v1/single_contact_sheets/single_page_057.png
A338,57,1,2,artifacts/paper_a_chapter4_v1/visual_review_all_cases_v1/single_contact_sheets/single_page_057.png
A339,57,1,3,artifacts/paper_a_chapter4_v1/visual_review_all_cases_v1/single_contact_sheets/single_page_057.png
A340,57,2,1,artifacts/paper_a_chapter4_v1/visual_review_all_cases_v1/single_contact_sheets/single_page_057.png
A341,57,2,2,artifacts/paper_a_chapter4_v1/visual_review_all_cases_v1/single_contact_sheets/single_page_057.png
A342,57,2,3,artifacts/paper_a_chapter4_v1/visual_review_all_cases_v1/single_contact_sheets/single_page_057.png
A343,58,1,1,artifacts/paper_a_chapter4_v1/visual_review_all_cases_v1/single_contact_sheets/single_page_058.png
A344,58,1,2,artifacts/paper_a_chapter4_v1/visual_review_all_cases_v1/single_contact_sheets/single_page_058.png
A345,58,1,3,artifacts/paper_a_chapter4_v1/visual_review_all_cases_v1/single_contact_sheets/single_page_058.png
A346,58,2,1,artifacts/paper_a_chapter4_v1/visual_review_all_cases_v1/single_contact_sheets/single_page_058.png
A347,58,2,2,artifacts/paper_a_chapter4_v1/visual_review_all_cases_v1/single_contact_sheets/single_page_058.png
A348,58,2,3,artifacts/paper_a_chapter4_v1/visual_review_all_cases_v1/single_contact_sheets/single_page_058.png
A349,59,1,1,artifacts/paper_a_chapter4_v1/visual_review_all_cases_v1/single_contact_sheets/single_page_059.png
A350,59,1,2,artifacts/paper_a_chapter4_v1/visual_review_all_cases_v1/single_contact_sheets/single_page_059.png
A351,59,1,3,artifacts/paper_a_chapter4_v1/visual_review_all_cases_v1/single_contact_sheets/single_page_059.png
A352,59,2,1,artifacts/paper_a_chapter4_v1/visual_review_all_cases_v1/single_contact_sheets/single_page_059.png
A353,59,2,2,artifacts/paper_a_chapter4_v1/visual_review_all_cases_v1/single_contact_sheets/single_page_059.png
A354,59,2,3,artifacts/paper_a_chapter4_v1/visual_review_all_cases_v1/single_contact_sheets/single_page_059.png
A355,60,1,1,artifacts/paper_a_chapter4_v1/visual_review_all_cases_v1/single_contact_sheets/single_page_060.png
A356,60,1,2,artifacts/paper_a_chapter4_v1/visual_review_all_cases_v1/single_contact_sheets/single_page_060.png
A357,60,1,3,artifacts/paper_a_chapter4_v1/visual_review_all_cases_v1/single_contact_sheets/single_page_060.png
A358,60,2,1,artifacts/paper_a_chapter4_v1/visual_review_all_cases_v1/single_contact_sheets/single_page_060.png
A359,60,2,2,artifacts/paper_a_chapter4_v1/visual_review_all_cases_v1/single_contact_sheets/single_page_060.png
A360,60,2,3,artifacts/paper_a_chapter4_v1/visual_review_all_cases_v1/single_contact_sheets/single_page_060.png
A361,61,1,1,artifacts/paper_a_chapter4_v1/visual_review_all_cases_v1/single_contact_sheets/single_page_061.png
A362,61,1,2,artifacts/paper_a_chapter4_v1/visual_review_all_cases_v1/single_contact_sheets/single_page_061.png
A363,61,1,3,artifacts/paper_a_chapter4_v1/visual_review_all_cases_v1/single_contact_sheets/single_page_061.png
A364,61,2,1,artifacts/paper_a_chapter4_v1/visual_review_all_cases_v1/single_contact_sheets/single_page_061.png
A365,61,2,2,artifacts/paper_a_chapter4_v1/visual_review_all_cases_v1/single_contact_sheets/single_page_061.png
A366,61,2,3,artifacts/paper_a_chapter4_v1/visual_review_all_cases_v1/single_contact_sheets/single_page_061.png
A367,62,1,1,artifacts/paper_a_chapter4_v1/visual_review_all_cases_v1/single_contact_sheets/single_page_062.png
A368,62,1,2,artifacts/paper_a_chapter4_v1/visual_review_all_cases_v1/single_contact_sheets/single_page_062.png
A369,62,1,3,artifacts/paper_a_chapter4_v1/visual_review_all_cases_v1/single_contact_sheets/single_page_062.png
A370,62,2,1,artifacts/paper_a_chapter4_v1/visual_review_all_cases_v1/single_contact_sheets/single_page_062.png
A371,62,2,2,artifacts/paper_a_chapter4_v1/visual_review_all_cases_v1/single_contact_sheets/single_page_062.png
A372,62,2,3,artifacts/paper_a_chapter4_v1/visual_review_all_cases_v1/single_contact_sheets/single_page_062.png
A373,63,1,1,artifacts/paper_a_chapter4_v1/visual_review_all_cases_v1/single_contact_sheets/single_page_063.png
A374,63,1,2,artifacts/paper_a_chapter4_v1/visual_review_all_cases_v1/single_contact_sheets/single_page_063.png
A375,63,1,3,artifacts/paper_a_chapter4_v1/visual_review_all_cases_v1/single_contact_sheets/single_page_063.png
A376,63,2,1,artifacts/paper_a_chapter4_v1/visual_review_all_cases_v1/single_contact_sheets/single_page_063.png
A377,63,2,2,artifacts/paper_a_chapter4_v1/visual_review_all_cases_v1/single_contact_sheets/single_page_063.png
A378,63,2,3,artifacts/paper_a_chapter4_v1/visual_review_all_cases_v1/single_contact_sheets/single_page_063.png
A379,64,1,1,artifacts/paper_a_chapter4_v1/visual_review_all_cases_v1/single_contact_sheets/single_page_064.png
A380,64,1,2,artifacts/paper_a_chapter4_v1/visual_review_all_cases_v1/single_contact_sheets/single_page_064.png
A381,64,1,3,artifacts/paper_a_chapter4_v1/visual_review_all_cases_v1/single_contact_sheets/single_page_064.png
A382,64,2,1,artifacts/paper_a_chapter4_v1/visual_review_all_cases_v1/single_contact_sheets/single_page_064.png
A383,64,2,2,artifacts/paper_a_chapter4_v1/visual_review_all_cases_v1/single_contact_sheets/single_page_064.png
A384,64,2,3,artifacts/paper_a_chapter4_v1/visual_review_all_cases_v1/single_contact_sheets/single_page_064.png
A385,65,1,1,artifacts/paper_a_chapter4_v1/visual_review_all_cases_v1/single_contact_sheets/single_page_065.png
A386,65,1,2,artifacts/paper_a_chapter4_v1/visual_review_all_cases_v1/single_contact_sheets/single_page_065.png
A387,65,1,3,artifacts/paper_a_chapter4_v1/visual_review_all_cases_v1/single_contact_sheets/single_page_065.png
A388,65,2,1,artifacts/paper_a_chapter4_v1/visual_review_all_cases_v1/single_contact_sheets/single_page_065.png
A389,65,2,2,artifacts/paper_a_chapter4_v1/visual_review_all_cases_v1/single_contact_sheets/single_page_065.png
A390,65,2,3,artifacts/paper_a_chapter4_v1/visual_review_all_cases_v1/single_contact_sheets/single_page_065.png
A391,66,1,1,artifacts/paper_a_chapter4_v1/visual_review_all_cases_v1/single_contact_sheets/single_page_066.png
A392,66,1,2,artifacts/paper_a_chapter4_v1/visual_review_all_cases_v1/single_contact_sheets/single_page_066.png
A393,66,1,3,artifacts/paper_a_chapter4_v1/visual_review_all_cases_v1/single_contact_sheets/single_page_066.png
A394,66,2,1,artifacts/paper_a_chapter4_v1/visual_review_all_cases_v1/single_contact_sheets/single_page_066.png
A395,66,2,2,artifacts/paper_a_chapter4_v1/visual_review_all_cases_v1/single_contact_sheets/single_page_066.png
A396,66,2,3,artifacts/paper_a_chapter4_v1/visual_review_all_cases_v1/single_contact_sheets/single_page_066.png
A397,67,1,1,artifacts/paper_a_chapter4_v1/visual_review_all_cases_v1/single_contact_sheets/single_page_067.png
A398,67,1,2,artifacts/paper_a_chapter4_v1/visual_review_all_cases_v1/single_contact_sheets/single_page_067.png
A399,67,1,3,artifacts/paper_a_chapter4_v1/visual_review_all_cases_v1/single_contact_sheets/single_page_067.png
A400,67,2,1,artifacts/paper_a_chapter4_v1/visual_review_all_cases_v1/single_contact_sheets/single_page_067.png
A401,67,2,2,artifacts/paper_a_chapter4_v1/visual_review_all_cases_v1/single_contact_sheets/single_page_067.png
A402,67,2,3,artifacts/paper_a_chapter4_v1/visual_review_all_cases_v1/single_contact_sheets/single_page_067.png
A403,68,1,1,artifacts/paper_a_chapter4_v1/visual_review_all_cases_v1/single_contact_sheets/single_page_068.png
A404,68,1,2,artifacts/paper_a_chapter4_v1/visual_review_all_cases_v1/single_contact_sheets/single_page_068.png
A405,68,1,3,artifacts/paper_a_chapter4_v1/visual_review_all_cases_v1/single_contact_sheets/single_page_068.png
A406,68,2,1,artifacts/paper_a_chapter4_v1/visual_review_all_cases_v1/single_contact_sheets/single_page_068.png
A407,68,2,2,artifacts/paper_a_chapter4_v1/visual_review_all_cases_v1/single_contact_sheets/single_page_068.png
A408,68,2,3,artifacts/paper_a_chapter4_v1/visual_review_all_cases_v1/single_contact_sheets/single_page_068.png
A409,69,1,1,artifacts/paper_a_chapter4_v1/visual_review_all_cases_v1/single_contact_sheets/single_page_069.png
A410,69,1,2,artifacts/paper_a_chapter4_v1/visual_review_all_cases_v1/single_contact_sheets/single_page_069.png
A411,69,1,3,artifacts/paper_a_chapter4_v1/visual_review_all_cases_v1/single_contact_sheets/single_page_069.png
A412,69,2,1,artifacts/paper_a_chapter4_v1/visual_review_all_cases_v1/single_contact_sheets/single_page_069.png
A413,69,2,2,artifacts/paper_a_chapter4_v1/visual_review_all_cases_v1/single_contact_sheets/single_page_069.png
A414,69,2,3,artifacts/paper_a_chapter4_v1/visual_review_all_cases_v1/single_contact_sheets/single_page_069.png
A415,70,1,1,artifacts/paper_a_chapter4_v1/visual_review_all_cases_v1/single_contact_sheets/single_page_070.png
A416,70,1,2,artifacts/paper_a_chapter4_v1/visual_review_all_cases_v1/single_contact_sheets/single_page_070.png
A417,70,1,3,artifacts/paper_a_chapter4_v1/visual_review_all_cases_v1/single_contact_sheets/single_page_070.png
A418,70,2,1,artifacts/paper_a_chapter4_v1/visual_review_all_cases_v1/single_contact_sheets/single_page_070.png
A419,70,2,2,artifacts/paper_a_chapter4_v1/visual_review_all_cases_v1/single_contact_sheets/single_page_070.png
A420,70,2,3,artifacts/paper_a_chapter4_v1/visual_review_all_cases_v1/single_contact_sheets/single_page_070.png
A421,71,1,1,artifacts/paper_a_chapter4_v1/visual_review_all_cases_v1/single_contact_sheets/single_page_071.png
A422,71,1,2,artifacts/paper_a_chapter4_v1/visual_review_all_cases_v1/single_contact_sheets/single_page_071.png
A423,71,1,3,artifacts/paper_a_chapter4_v1/visual_review_all_cases_v1/single_contact_sheets/single_page_071.png
A424,71,2,1,artifacts/paper_a_chapter4_v1/visual_review_all_cases_v1/single_contact_sheets/single_page_071.png
A425,71,2,2,artifacts/paper_a_chapter4_v1/visual_review_all_cases_v1/single_contact_sheets/single_page_071.png
A426,71,2,3,artifacts/paper_a_chapter4_v1/visual_review_all_cases_v1/single_contact_sheets/single_page_071.png
A427,72,1,1,artifacts/paper_a_chapter4_v1/visual_review_all_cases_v1/single_contact_sheets/single_page_072.png
A428,72,1,2,artifacts/paper_a_chapter4_v1/visual_review_all_cases_v1/single_contact_sheets/single_page_072.png
A429,72,1,3,artifacts/paper_a_chapter4_v1/visual_review_all_cases_v1/single_contact_sheets/single_page_072.png
A430,72,2,1,artifacts/paper_a_chapter4_v1/visual_review_all_cases_v1/single_contact_sheets/single_page_072.png
A431,72,2,2,artifacts/paper_a_chapter4_v1/visual_review_all_cases_v1/single_contact_sheets/single_page_072.png
A432,72,2,3,artifacts/paper_a_chapter4_v1/visual_review_all_cases_v1/single_contact_sheets/single_page_072.png
A433,73,1,1,artifacts/paper_a_chapter4_v1/visual_review_all_cases_v1/single_contact_sheets/single_page_073.png
A434,73,1,2,artifacts/paper_a_chapter4_v1/visual_review_all_cases_v1/single_contact_sheets/single_page_073.png
A435,73,1,3,artifacts/paper_a_chapter4_v1/visual_review_all_cases_v1/single_contact_sheets/single_page_073.png
A436,73,2,1,artifacts/paper_a_chapter4_v1/visual_review_all_cases_v1/single_contact_sheets/single_page_073.png
A437,73,2,2,artifacts/paper_a_chapter4_v1/visual_review_all_cases_v1/single_contact_sheets/single_page_073.png
A438,73,2,3,artifacts/paper_a_chapter4_v1/visual_review_all_cases_v1/single_contact_sheets/single_page_073.png
A439,74,1,1,artifacts/paper_a_chapter4_v1/visual_review_all_cases_v1/single_contact_sheets/single_page_074.png
A440,74,1,2,artifacts/paper_a_chapter4_v1/visual_review_all_cases_v1/single_contact_sheets/single_page_074.png
A441,74,1,3,artifacts/paper_a_chapter4_v1/visual_review_all_cases_v1/single_contact_sheets/single_page_074.png
A442,74,2,1,artifacts/paper_a_chapter4_v1/visual_review_all_cases_v1/single_contact_sheets/single_page_074.png
A443,74,2,2,artifacts/paper_a_chapter4_v1/visual_review_all_cases_v1/single_contact_sheets/single_page_074.png
A444,74,2,3,artifacts/paper_a_chapter4_v1/visual_review_all_cases_v1/single_contact_sheets/single_page_074.png
A445,75,1,1,artifacts/paper_a_chapter4_v1/visual_review_all_cases_v1/single_contact_sheets/single_page_075.png
A446,75,1,2,artifacts/paper_a_chapter4_v1/visual_review_all_cases_v1/single_contact_sheets/single_page_075.png
A447,75,1,3,artifacts/paper_a_chapter4_v1/visual_review_all_cases_v1/single_contact_sheets/single_page_075.png
A448,75,2,1,artifacts/paper_a_chapter4_v1/visual_review_all_cases_v1/single_contact_sheets/single_page_075.png
A449,75,2,2,artifacts/paper_a_chapter4_v1/visual_review_all_cases_v1/single_contact_sheets/single_page_075.png
A450,75,2,3,artifacts/paper_a_chapter4_v1/visual_review_all_cases_v1/single_contact_sheets/single_page_075.png
B001,76,1,1,artifacts/paper_a_chapter4_v1/visual_review_all_cases_v1/single_contact_sheets/single_page_076.png
B002,76,1,2,artifacts/paper_a_chapter4_v1/visual_review_all_cases_v1/single_contact_sheets/single_page_076.png
B003,76,1,3,artifacts/paper_a_chapter4_v1/visual_review_all_cases_v1/single_contact_sheets/single_page_076.png
B004,76,2,1,artifacts/paper_a_chapter4_v1/visual_review_all_cases_v1/single_contact_sheets/single_page_076.png
B005,76,2,2,artifacts/paper_a_chapter4_v1/visual_review_all_cases_v1/single_contact_sheets/single_page_076.png
B006,76,2,3,artifacts/paper_a_chapter4_v1/visual_review_all_cases_v1/single_contact_sheets/single_page_076.png
B007,77,1,1,artifacts/paper_a_chapter4_v1/visual_review_all_cases_v1/single_contact_sheets/single_page_077.png
B008,77,1,2,artifacts/paper_a_chapter4_v1/visual_review_all_cases_v1/single_contact_sheets/single_page_077.png
B009,77,1,3,artifacts/paper_a_chapter4_v1/visual_review_all_cases_v1/single_contact_sheets/single_page_077.png
B010,77,2,1,artifacts/paper_a_chapter4_v1/visual_review_all_cases_v1/single_contact_sheets/single_page_077.png
B011,77,2,2,artifacts/paper_a_chapter4_v1/visual_review_all_cases_v1/single_contact_sheets/single_page_077.png
B012,77,2,3,artifacts/paper_a_chapter4_v1/visual_review_all_cases_v1/single_contact_sheets/single_page_077.png
B013,78,1,1,artifacts/paper_a_chapter4_v1/visual_review_all_cases_v1/single_contact_sheets/single_page_078.png
B014,78,1,2,artifacts/paper_a_chapter4_v1/visual_review_all_cases_v1/single_contact_sheets/single_page_078.png
B015,78,1,3,artifacts/paper_a_chapter4_v1/visual_review_all_cases_v1/single_contact_sheets/single_page_078.png
B016,78,2,1,artifacts/paper_a_chapter4_v1/visual_review_all_cases_v1/single_contact_sheets/single_page_078.png
B017,78,2,2,artifacts/paper_a_chapter4_v1/visual_review_all_cases_v1/single_contact_sheets/single_page_078.png
B018,78,2,3,artifacts/paper_a_chapter4_v1/visual_review_all_cases_v1/single_contact_sheets/single_page_078.png
B019,79,1,1,artifacts/paper_a_chapter4_v1/visual_review_all_cases_v1/single_contact_sheets/single_page_079.png
B020,79,1,2,artifacts/paper_a_chapter4_v1/visual_review_all_cases_v1/single_contact_sheets/single_page_079.png
B021,79,1,3,artifacts/paper_a_chapter4_v1/visual_review_all_cases_v1/single_contact_sheets/single_page_079.png
B022,79,2,1,artifacts/paper_a_chapter4_v1/visual_review_all_cases_v1/single_contact_sheets/single_page_079.png
B023,79,2,2,artifacts/paper_a_chapter4_v1/visual_review_all_cases_v1/single_contact_sheets/single_page_079.png
B024,79,2,3,artifacts/paper_a_chapter4_v1/visual_review_all_cases_v1/single_contact_sheets/single_page_079.png
B025,80,1,1,artifacts/paper_a_chapter4_v1/visual_review_all_cases_v1/single_contact_sheets/single_page_080.png
B026,80,1,2,artifacts/paper_a_chapter4_v1/visual_review_all_cases_v1/single_contact_sheets/single_page_080.png
B027,80,1,3,artifacts/paper_a_chapter4_v1/visual_review_all_cases_v1/single_contact_sheets/single_page_080.png
B028,80,2,1,artifacts/paper_a_chapter4_v1/visual_review_all_cases_v1/single_contact_sheets/single_page_080.png
B029,80,2,2,artifacts/paper_a_chapter4_v1/visual_review_all_cases_v1/single_contact_sheets/single_page_080.png
B030,80,2,3,artifacts/paper_a_chapter4_v1/visual_review_all_cases_v1/single_contact_sheets/single_page_080.png
B031,81,1,1,artifacts/paper_a_chapter4_v1/visual_review_all_cases_v1/single_contact_sheets/single_page_081.png
B032,81,1,2,artifacts/paper_a_chapter4_v1/visual_review_all_cases_v1/single_contact_sheets/single_page_081.png
B033,81,1,3,artifacts/paper_a_chapter4_v1/visual_review_all_cases_v1/single_contact_sheets/single_page_081.png
B034,81,2,1,artifacts/paper_a_chapter4_v1/visual_review_all_cases_v1/single_contact_sheets/single_page_081.png
B035,81,2,2,artifacts/paper_a_chapter4_v1/visual_review_all_cases_v1/single_contact_sheets/single_page_081.png
B036,81,2,3,artifacts/paper_a_chapter4_v1/visual_review_all_cases_v1/single_contact_sheets/single_page_081.png
B037,82,1,1,artifacts/paper_a_chapter4_v1/visual_review_all_cases_v1/single_contact_sheets/single_page_082.png
B038,82,1,2,artifacts/paper_a_chapter4_v1/visual_review_all_cases_v1/single_contact_sheets/single_page_082.png
B039,82,1,3,artifacts/paper_a_chapter4_v1/visual_review_all_cases_v1/single_contact_sheets/single_page_082.png
B040,82,2,1,artifacts/paper_a_chapter4_v1/visual_review_all_cases_v1/single_contact_sheets/single_page_082.png
B041,82,2,2,artifacts/paper_a_chapter4_v1/visual_review_all_cases_v1/single_contact_sheets/single_page_082.png
B042,82,2,3,artifacts/paper_a_chapter4_v1/visual_review_all_cases_v1/single_contact_sheets/single_page_082.png
B043,83,1,1,artifacts/paper_a_chapter4_v1/visual_review_all_cases_v1/single_contact_sheets/single_page_083.png
B044,83,1,2,artifacts/paper_a_chapter4_v1/visual_review_all_cases_v1/single_contact_sheets/single_page_083.png
B045,83,1,3,artifacts/paper_a_chapter4_v1/visual_review_all_cases_v1/single_contact_sheets/single_page_083.png
B046,83,2,1,artifacts/paper_a_chapter4_v1/visual_review_all_cases_v1/single_contact_sheets/single_page_083.png
B047,83,2,2,artifacts/paper_a_chapter4_v1/visual_review_all_cases_v1/single_contact_sheets/single_page_083.png
B048,83,2,3,artifacts/paper_a_chapter4_v1/visual_review_all_cases_v1/single_contact_sheets/single_page_083.png
B049,84,1,1,artifacts/paper_a_chapter4_v1/visual_review_all_cases_v1/single_contact_sheets/single_page_084.png
B050,84,1,2,artifacts/paper_a_chapter4_v1/visual_review_all_cases_v1/single_contact_sheets/single_page_084.png
