pair_id,prototype_id,backbone_variant,density_level,replicate,production_seed,minimum_clearance_required,parallel_soft_limit,parallel_maximum,old_geometry_evaluable,h2_geometry_evaluable,evaluation_error,old_cross_unit_curve_crossing_count,h2_cross_unit_curve_crossing_count,old_periodic_repeat_crossing_count,h2_periodic_repeat_crossing_count,old_minimum_cross_unit_clearance,h2_minimum_cross_unit_clearance,old_clearance_violation_count,h2_clearance_violation_count,old_parallel_hard_violation_count,h2_parallel_hard_violation_count,old_parent_child_attachment_invalid_count,h2_parent_child_attachment_invalid_count,old_hard_violation,h2_hard_violation,old_total_parallel_penalty,h2_total_parallel_penalty,delta_total,relative_total_penalty_reduction,old_peak_parallel_penalty,h2_peak_parallel_penalty,delta_peak,relative_peak_penalty_reduction,old_local_crowding_pair_count,h2_local_crowding_pair_count,old_spatial_bbox_overlap_tendency,h2_spatial_bbox_overlap_tendency,old_occupied_space_balance,h2_occupied_space_balance,old_upgraded_lane_count,h2_upgraded_lane_count,old_selected_L2_count,h2_selected_L2_count,old_L1_only_count,h2_L1_only_count,old_single_L2_unit_count,h2_single_L2_unit_count,old_opposed_pair_unit_count,h2_opposed_pair_unit_count,old_search_node_count,h2_search_node_count,old_backtrack_count,h2_backtrack_count,h2_node_limit_reached,old_runtime_seconds,h2_runtime_seconds
B001,proto_sw_1_1,expanded,simple,1,100013,0.027768053,0.010397705,0.494948499,True,True,,0,0,0,0,0.13025855419383658,0.13025855419383658,0,0,0,0,0,0,False,False,0.0,0.0,0.0,,0.0,0.0,0.0,,0,0,0.0,0.0,0.5751186158142371,0.8809754836894631,1,1,2,1,3,3,0,1,1,0,,187,,51,,0.0014630000000579457,0.023446400000011636
B002,proto_sw_1_1,expanded,simple,2,100016,0.027768053,0.010397705,0.494948499,True,True,,0,0,0,0,0.2299465213980741,0.2299465213980741,0,0,0,0,0,0,False,False,0.0,0.0,0.0,,0.0,0.0,0.0,,0,0,0.0,0.0,0.5543252292912784,0.8907645721036213,1,1,2,1,3,3,0,1,1,0,,249,,61,,0.0010621999999784748,0.01044760000002043
B003,proto_sw_1_1,expanded,medium,1,100006,0.027768053,0.010397705,0.494948499,True,True,,0,0,0,0,0.11987486165209461,0.12410516624979502,0,0,0,0,0,0,False,False,0.4325670114923452,0.0,-0.4325670114923452,1.0,0.3339062569187674,0.0,-0.3339062569187674,1.0,0,0,0.0,0.0,0.999446279958645,0.9975382660532114,1,1,2,1,4,4,0,1,1,0,,191,,60,,0.0009245999999620835,0.009803900000065369
B004,proto_sw_1_1,expanded,medium,2,100010,0.027768053,0.010397705,0.494948499,True,True,,0,0,0,0,0.14860873469071043,0.14860873469071043,0,0,0,0,0,0,False,False,0.0,0.001644832048468497,0.001644832048468497,,0.0,0.001644832048468497,0.001644832048468497,,0,0,0.0,0.0,0.6579947112763248,0.9527873245461874,1,1,2,1,4,4,0,1,1,0,,270,,94,,0.0017739000001029126,0.012971600000014405
B005,proto_sw_1_1,expanded,rich,1,100018,0.027768053,0.010397705,0.494948499,True,True,,0,0,0,0,0.03107526214622732,0.05046528696336143,0,0,0,0,0,0,False,False,0.09497012247193859,0.0,-0.09497012247193859,1.0,0.09497012247193859,0.0,-0.09497012247193859,1.0,1,0,0.26921025039896285,0.16856140673172212,0.8623485954527439,0.822718154732704,1,1,2,1,5,5,0,1,1,0,,429,,85,,0.0017036000000416607,0.012633000000050743
B006,proto_sw_1_1,expanded,rich,2,100019,0.027768053,0.010397705,0.494948499,True,True,,0,0,0,0,0.06509633687220658,0.06509633687220658,0,0,0,0,0,0,False,False,0.0013691750580857463,0.0,-0.0013691750580857463,1.0,0.0013691750580857463,0.0,-0.0013691750580857463,1.0,0,0,0.0,0.0,0.9997768706077413,0.9896855046501496,1,1,1,1,5,5,1,1,0,0,,429,,92,,0.001446999999984655,0.010066300000062256
B007,proto_sw_1_1,compact,simple,1,100000,0.027768053,0.010397705,0.494948499,True,True,,0,0,0,0,0.053385879024660396,0.053385879024660396,0,0,0,0,0,0,False,False,0.0,0.0,0.0,,0.0,0.0,0.0,,0,0,0.0,0.0,0.9591479170272448,0.8907645721036213,1,1,2,1,3,3,0,1,1,0,,111,,23,,0.0007361000000400963,0.008306900000093265
B008,proto_sw_1_1,compact,simple,2,100008,0.027768053,0.010397705,0.494948499,True,True,,0,0,0,0,0.05431857909514021,0.05431857909514021,0,0,0,0,0,0,False,False,0.021621822990251487,0.0,-0.021621822990251487,1.0,0.021621822990251487,0.0,-0.021621822990251487,1.0,0,0,0.0,0.0,0.998486878435884,0.7822457275345467,1,1,2,1,3,3,0,1,1,0,,40,,8,,0.0011786000000029162,0.01108119999992141
B009,proto_sw_1_1,compact,medium,1,100007,0.027768053,0.010397705,0.494948499,True,True,,0,0,0,0,0.06032748671880861,0.06032748671880861,0,0,0,0,0,0,False,False,0.4788401373560901,0.0,-0.4788401373560901,1.0,0.39084126524653034,0.0,-0.39084126524653034,1.0,0,0,0.0,0.0,0.8676017211267677,0.8967157638335889,2,2,4,2,3,3,0,2,2,0,,1040,,608,,0.0012195000000474465,0.006246000000032836
B010,proto_sw_1_1,compact,medium,2,100025,0.027768053,0.010397705,0.494948499,True,True,,0,0,0,0,0.02845327962953569,0.05329910184235498,0,0,0,0,0,0,False,False,0.8167235419269729,0.0,-0.8167235419269729,1.0,0.6204190777530489,0.0,-0.6204190777530489,1.0,1,0,0.0,0.0,0.9972862535048975,0.843578969884576,2,2,4,2,3,3,0,2,2,0,,580,,150,,0.0020551999999725012,0.002953199999979006
B011,proto_sw_1_1,compact,rich,1,100005,0.027768053,0.010397705,0.494948499,True,True,,0,0,0,0,0.03582121118648592,0.03582121118648592,0,0,0,0,0,0,False,False,0.06539669713322761,0.0,-0.06539669713322761,1.0,0.06539669713322761,0.0,-0.06539669713322761,1.0,1,1,0.0,0.0,0.8126312026117116,0.822718154732704,1,1,2,1,5,5,0,1,1,0,,292,,85,,0.001387099999988095,0.0026791999999886684
B012,proto_sw_1_1,compact,rich,2,100014,0.027768053,0.010397705,0.494948499,True,True,,0,0,0,0,0.05116224793693552,0.05116224793693552,0,0,0,0,0,0,False,False,0.08163606116771428,0.0,-0.08163606116771428,1.0,0.06304842940683217,0.0,-0.06304842940683217,1.0,0,0,0.0,0.0,0.9734357005380974,0.9000423722706047,2,2,4,2,4,4,0,2,2,0,,478,,214,,0.00195979999989504,0.004134600000043065
B013,proto_sw_1_1,swept,simple,1,100003,0.027768053,0.010397705,0.494948499,True,True,,0,0,0,0,0.11922035008233452,0.14334965008331177,0,0,0,0,0,0,False,False,0.00448409610975674,0.0,-0.00448409610975674,1.0,0.00448409610975674,0.0,-0.00448409610975674,1.0,0,0,0.0,0.0,0.9998319799234247,0.8809754836894631,1,1,2,1,3,3,0,1,1,0,,184,,81,,0.001468000000045322,0.0031516999999894324
B014,proto_sw_1_1,swept,simple,2,100012,0.027768053,0.010397705,0.494948499,True,True,,0,0,0,0,0.15345303206049216,0.15345303206049216,0,0,0,0,0,0,False,False,0.0,0.0,0.0,,0.0,0.0,0.0,,0,0,0.0,0.0,0.7240641093947621,0.7155374817170789,1,1,2,1,3,3,0,1,1,0,,137,,52,,0.001203799999984767,0.0029523999999128137
B015,proto_sw_1_1,swept,medium,1,100004,0.027768053,0.010397705,0.494948499,True,True,,0,0,0,0,0.11466219524188145,0.1597232823382424,0,0,0,0,0,0,False,False,0.4969326307294756,0.0,-0.4969326307294756,1.0,0.2556428605262651,0.0,-0.2556428605262651,1.0,0,0,0.0,0.0,0.9998447428423174,0.9745836939505627,2,2,4,2,4,4,0,2,2,0,,406,,240,,0.001988600000004226,0.0030159000000367087
B016,proto_sw_1_1,swept,medium,2,100015,0.027768053,0.010397705,0.494948499,True,True,,0,0,0,0,0.12700735973740107,0.08237001136542543,0,0,0,0,0,0,False,False,0.0,0.0,0.0,,0.0,0.0,0.0,,0,0,0.0,0.0,0.7731577637186141,0.9958081316082684,2,2,4,2,3,3,0,2,2,0,,556,,463,,0.0016476000000693602,0.005368099999941478
B017,proto_sw_1_1,swept,rich,1,100001,0.027768053,0.010397705,0.494948499,True,True,,0,0,0,0,0.06602039393802565,0.08668260723321508,0,0,0,0,0,0,False,False,0.2341253190384033,0.0,-0.2341253190384033,1.0,0.13515261011725316,0.0,-0.13515261011725316,1.0,0,0,0.0,0.0,0.9006104904253888,0.9915206555109227,1,1,2,1,5,5,0,1,1,0,,218,,82,,0.0026022999999213425,0.003924200000028577
B018,proto_sw_1_1,swept,rich,2,100002,0.027768053,0.010397705,0.494948499,True,True,,0,0,0,0,0.07518283312779514,0.1637120671201161,0,0,0,0,0,0,False,False,0.3641447779546295,0.0,-0.3641447779546295,1.0,0.27743427590620456,0.0,-0.27743427590620456,1.0,0,0,0.0,0.0,0.9999358783204245,0.8882778927222301,2,2,4,2,4,4,0,2,2,0,,464,,318,,0.002183199999990393,0.005462899999997717
B019,proto_sw_1_3,expanded,simple,1,100001,0.041459216,0.002661988,0.322671439,True,True,,0,0,0,0,0.19746117445351258,0.17329063110453707,0,0,0,0,0,0,False,False,0.012449755053402458,0.0,-0.012449755053402458,1.0,0.012449755053402458,0.0,-0.012449755053402458,1.0,0,0,0.0,0.0,0.9419565887039865,0.99679350644474,1,1,2,1,3,3,0,1,1,0,,96,,31,,0.0011865999999827181,0.0019843000000037136
B020,proto_sw_1_3,expanded,simple,2,100003,0.041459216,0.002661988,0.322671439,True,True,,0,0,0,0,0.158918417312115,0.158918417312115,0,0,0,0,0,0,False,False,0.04758327054818736,0.0,-0.04758327054818736,1.0,0.04642027303796428,0.0,-0.04642027303796428,1.0,0,0,0.05109224319350429,0.0,0.9849957428395896,0.8425031468169055,1,1,2,1,3,3,0,1,1,0,,164,,48,,0.0007087999999839667,0.0012893000000531174
B021,proto_sw_1_3,expanded,medium,1,100018,0.041459216,0.002661988,0.322671439,True,True,,0,0,0,0,0.1292486718340055,0.15762642774305743,0,0,0,0,0,0,False,False,0.039772366365870886,0.0,-0.039772366365870886,1.0,0.039772366365870886,0.0,-0.039772366365870886,1.0,0,0,0.0,0.0,0.9960918897193657,0.9621454897640702,1,1,1,1,4,4,1,1,0,0,,205,,44,,0.0012391999999863401,0.0018653999999287407
B022,proto_sw_1_3,expanded,medium,2,100024,0.041459216,0.002661988,0.322671439,True,True,,0,0,0,0,0.11827823273509094,0.11827823273509094,0,0,0,0,0,0,False,False,0.44737180701263707,0.002440374050658279,-0.4449314329619788,0.9945450875258455,0.22596995804884298,0.002440374050658279,-0.2235295839981847,0.9892004491582426,0,0,0.0,0.0,0.5470517374935803,0.6468716034175759,2,2,4,2,3,3,0,2,2,0,,287,,129,,0.0016802000000097905,0.0034521999999697073
B023,proto_sw_1_3,expanded,rich,1,100030,0.041459216,0.002661988,0.322671439,True,True,,0,0,0,0,0.0529484902613727,0.0529484902613727,0,0,0,0,0,0,False,False,0.28105286914085514,0.0,-0.28105286914085514,1.0,0.23340967397874085,0.0,-0.23340967397874085,1.0,1,1,0.0,0.0,0.9794703015950181,0.7410330740415466,2,2,3,2,4,4,1,2,1,0,,367,,210,,0.0018857000000025437,0.00392659999999978
B024,proto_sw_1_3,expanded,rich,2,100035,0.041459216,0.002661988,0.322671439,True,True,,0,0,0,0,0.09915426543866303,0.09915426543866303,0,0,0,0,0,0,False,False,1.370786093311712,0.005433849637067609,-1.3653522436746444,0.9960359609252091,0.5682630346440105,0.005433849637067609,-0.5628291850069429,0.9904377914701566,0,0,0.0,0.0,0.6862478667140526,0.816822303847763,2,2,4,2,4,4,0,2,2,0,,227,,96,,0.0014178999999785447,0.0023000999999567284
B025,proto_sw_1_3,compact,simple,1,100007,0.041459216,0.002661988,0.322671439,True,True,,0,0,0,0,0.10122866913597227,0.10122866913597227,0,0,0,0,0,0,False,False,0.07504894284017,0.0,-0.07504894284017,1.0,0.06643897889709001,0.0,-0.06643897889709001,1.0,0,0,0.0,0.0,0.9998319799234247,0.9493491060712022,1,1,2,1,3,3,0,1,1,0,,228,,60,,0.0009653999999272855,0.0017982000000529297
B026,proto_sw_1_3,compact,simple,2,100010,0.041459216,0.002661988,0.322671439,True,True,,0,0,0,0,0.05007243078135988,0.05007243078135988,0,0,0,0,0,0,False,False,0.3748269679436451,0.0,-0.3748269679436451,1.0,0.3684737366614279,0.0,-0.3684737366614279,1.0,1,1,0.0,0.0,0.9668522443640135,0.8387903609299784,1,1,2,2,3,3,0,0,1,1,,217,,45,,0.0008344999999962965,0.0016990000000305372
B027,proto_sw_1_3,compact,medium,1,100000,0.041459216,0.002661988,0.322671439,True,True,,0,0,0,0,0.08678111502695951,0.08678111502695951,0,0,0,0,0,0,False,False,0.8960453627782737,0.0,-0.8960453627782737,1.0,0.8742290940929199,0.0,-0.8742290940929199,1.0,0,0,0.0,0.0,0.9248104680161408,0.5,2,2,3,2,4,4,1,2,1,0,,477,,198,,0.0015664999999671636,0.0033538999999791486
B028,proto_sw_1_3,compact,medium,2,100006,0.041459216,0.002661988,0.322671439,True,True,,0,0,0,0,0.09979186724696634,0.09979186724696634,0,0,0,0,0,0,False,False,0.0912931707785184,0.0,-0.0912931707785184,1.0,0.0912931707785184,0.0,-0.0912931707785184,1.0,0,0,0.0,0.0,0.962246595571379,0.5660326782374415,1,1,2,1,4,4,0,1,1,0,,158,,71,,0.0010161000000152853,0.0020592999999280437
B029,proto_sw_1_3,compact,rich,1,100008,0.041459216,0.002661988,0.322671439,True,True,,0,0,0,0,0.10112202079347593,0.11504292023132431,0,0,0,0,0,0,False,False,0.8830843787991383,0.0,-0.8830843787991383,1.0,0.8786512578424434,0.0,-0.8786512578424434,1.0,0,0,0.0,0.0,0.9902929017319801,0.9000423722706047,2,2,3,2,4,4,1,2,1,0,,276,,73,,0.001125699999988683,0.0030737000000726766
B030,proto_sw_1_3,compact,rich,2,100017,0.041459216,0.002661988,0.322671439,True,True,,0,0,0,0,0.08107018651525219,0.08107018651525219,0,0,0,0,0,0,False,False,0.032428218247273655,0.0,-0.032428218247273655,1.0,0.032428218247273655,0.0,-0.032428218247273655,1.0,0,0,0.0,0.0,0.8858936579919338,0.7778685015059401,1,1,1,1,5,5,1,1,0,0,,112,,26,,0.001291999999921245,0.0027627000000620683
B031,proto_sw_1_3,swept,simple,1,100004,0.041459216,0.002661988,0.322671439,True,True,,0,0,0,0,0.14944723967733356,0.16943034466168766,0,0,0,0,0,0,False,False,0.053109409624001416,0.0,-0.053109409624001416,1.0,0.03669204153768917,0.0,-0.03669204153768917,1.0,0,0,0.0,0.0,0.9900793566817042,0.8425031468169055,1,1,2,1,3,3,0,1,1,0,,118,,41,,0.001428599999940161,0.002495599999974729
B032,proto_sw_1_3,swept,simple,2,100009,0.041459216,0.002661988,0.322671439,True,True,,0,0,0,0,0.17158910320984963,0.17158910320984963,0,0,0,0,0,0,False,False,0.00011731654998903672,0.0012692620899622607,0.001151945539973224,-9.81912219615113,0.00011731654998903672,0.0012692620899622607,0.001151945539973224,-9.81912219615113,0,0,0.0,0.0,0.9997164390548113,0.9661329837441155,1,1,2,1,3,3,0,1,1,0,,79,,40,,0.0012310000000752552,0.001151199999981145
B033,proto_sw_1_3,swept,medium,1,100005,0.041459216,0.002661988,0.322671439,True,True,,0,0,0,0,0.10542628371966482,0.10542628371966482,0,0,0,0,0,0,False,False,0.00746087228480847,0.002203263098496321,-0.005257609186312149,0.7046909510859048,0.00746087228480847,0.002203263098496321,-0.005257609186312149,0.7046909510859048,0,0,0.0,0.0,0.9040463916122795,0.5,1,1,1,1,4,4,1,1,0,0,,134,,56,,0.0009093000001030305,0.002417700000023615
B034,proto_sw_1_3,swept,medium,2,100023,0.041459216,0.002661988,0.322671439,True,True,,0,0,0,0,0.11891620229216116,0.11891620229216116,0,0,0,0,0,0,False,False,0.0,0.0,0.0,,0.0,0.0,0.0,,0,0,0.0,0.0,0.7280930512847632,0.6892327139575858,1,1,1,1,4,4,1,1,0,0,,130,,23,,0.0009274999999888678,0.0017454999999699794
B035,proto_sw_1_3,swept,rich,1,100002,0.041459216,0.002661988,0.322671439,True,True,,0,0,0,0,0.1260266495486671,0.1260266495486671,0,0,0,0,0,0,False,False,0.3434785899295277,0.0,-0.3434785899295277,1.0,0.3226177943235054,0.0,-0.3226177943235054,1.0,0,0,0.0,0.0,0.7197217236761546,0.7300639430735675,2,2,3,2,4,4,1,2,1,0,,340,,191,,0.0018979999999828578,0.004420700000082434
B036,proto_sw_1_3,swept,rich,2,100011,0.041459216,0.002661988,0.322671439,True,True,,0,0,0,0,0.05495095087951449,0.05495095087951449,0,0,0,0,0,0,False,False,0.08775122282424402,0.0,-0.08775122282424402,1.0,0.08775122282424402,0.0,-0.08775122282424402,1.0,1,1,0.0,0.0,0.7573440927082518,0.9369716647461568,1,1,1,1,5,5,1,1,0,0,,156,,32,,0.001396100000079059,0.0020790999999462656
B037,proto_sw_2_3,expanded,simple,1,100000,0.02,0.01451505,0.403686583,True,True,,0,0,0,0,0.038529166739163644,0.07699807105213884,0,0,0,0,0,0,False,False,0.22087815866232516,0.0,-0.22087815866232516,1.0,0.08535556266648062,0.0,-0.08535556266648062,1.0,0,0,0.009057738111546981,0.009057738111546981,0.9190810525892392,0.9893525089645151,2,2,4,2,3,3,0,2,2,0,,496,,228,,0.0017162999999982276,0.0027695999999650667
B038,proto_sw_2_3,expanded,simple,2,100002,0.02,0.01451505,0.403686583,True,True,,0,0,0,0,0.0566894052261587,0.0566894052261587,0,0,0,0,0,0,False,False,1.1404265616475442,0.001008865977929794,-1.1394176956696145,0.9991153608554397,0.7731106689293515,0.001008865977929794,-0.7721018029514217,0.9986950561950891,0,0,0.14226573983107954,0.0,0.9252460622659485,0.9617413749584783,2,2,4,2,3,3,0,2,2,0,,303,,102,,0.0021997000000055777,0.02592939999999544
B039,proto_sw_2_3,expanded,medium,1,100006,0.02,0.01451505,0.403686583,True,True,,0,0,0,0,0.04672317918815392,0.04672317918815392,0,0,0,0,0,0,False,False,0.38304658781003054,0.0,-0.38304658781003054,1.0,0.26027845536361166,0.0,-0.26027845536361166,1.0,0,0,0.028621556793550017,0.028621556793550017,0.9614228919456126,0.9319106417699052,1,1,1,1,5,5,1,1,0,0,,354,,95,,0.0025210000000015498,0.0032668000000057873
B040,proto_sw_2_3,expanded,medium,2,100023,0.02,0.01451505,0.403686583,True,True,,0,0,0,0,0.041327870740994664,0.041327870740994664,0,0,0,0,0,0,False,False,0.2581576031870471,0.0,-0.2581576031870471,1.0,0.2581576031870471,0.0,-0.2581576031870471,1.0,0,0,0.2862390742574882,0.2862390742574882,0.8560265871555663,0.9293108119212464,1,1,1,1,5,5,1,1,0,0,,737,,99,,0.0018976999999722466,0.004693699999961609
B041,proto_sw_2_3,expanded,rich,1,100003,0.02,0.01451505,0.403686583,True,True,,0,0,0,0,0.032598852506021375,0.032598852506021375,0,0,0,0,0,0,False,False,1.6920145105008644,0.011636260385268786,-1.6803782501155955,0.993122836528261,0.5530628551752071,0.011636260385268786,-0.5414265947899384,0.978960329234943,0,0,0.2219199435310822,0.2406549663218562,0.9986949629726647,0.9904913174760817,3,3,6,3,4,4,0,3,3,0,,91929,,9790,,0.0031582999999955064,0.09911920000001828
B042,proto_sw_2_3,expanded,rich,2,100012,0.02,0.01451505,0.403686583,True,True,,0,0,0,0,0.04005044569117955,0.04005044569117955,0,0,0,0,0,0,False,False,1.31074004192981,0.05152692154012759,-1.2592131203896826,0.9606886797596691,0.6223925441170427,0.032426907358843474,-0.5899656367581992,0.9478995889887372,0,0,0.29520760275290525,0.29520760275290525,0.9941542129428134,0.9105173411218478,2,2,3,2,4,4,1,2,1,0,,3338,,802,,0.0027991999999130712,0.01252420000002985
B043,proto_sw_2_3,compact,simple,1,100005,0.02,0.01451505,0.403686583,True,True,,0,0,0,0,0.04435713827570427,0.04435713827570427,0,0,0,0,0,0,False,False,1.104422324291998,0.0,-1.104422324291998,1.0,0.8071374173099619,0.0,-0.8071374173099619,1.0,0,0,0.0,0.0,0.999318007015702,0.9965154421606355,1,1,1,1,5,5,1,1,0,0,,544,,54,,0.0012783999999328444,0.002454299999953946
B044,proto_sw_2_3,compact,simple,2,100016,0.02,0.01451505,0.403686583,True,True,,0,0,0,0,0.03003287107211066,0.039850823675156286,0,0,0,0,0,0,False,False,1.6071287101140568,0.0,-1.6071287101140568,1.0,0.9196842865128251,0.0,-0.9196842865128251,1.0,0,0,0.19749056682050253,0.08027771681997133,0.8092983106659016,0.9745836939505627,2,2,4,2,4,4,0,2,2,0,,768,,334,,0.002092199999992772,0.003912500000069485
B045,proto_sw_2_3,compact,medium,1,100004,0.02,0.01451505,0.403686583,True,True,,0,0,0,0,0.031816857265598956,0.031816857265598956,0,0,0,0,0,0,False,False,1.7811535553690252,0.0,-1.7811535553690252,1.0,0.9624559584069852,0.0,-0.9624559584069852,1.0,0,0,0.05209089956668629,0.05585605743389004,0.9984824429031889,0.9138387746634226,2,2,3,3,4,4,1,1,1,1,,1221,,137,,0.0034577000000126645,0.007745300000010502
B046,proto_sw_2_3,compact,medium,2,100013,0.02,0.01451505,0.403686583,True,True,,0,0,0,0,0.07958688883844672,0.07958688883844672,0,0,0,0,0,0,False,False,0.09711169365808896,0.0,-0.09711169365808896,1.0,0.09176783517230068,0.0,-0.09176783517230068,1.0,0,0,0.0,0.0,0.9992545494588163,0.9965154421606355,1,1,2,1,5,5,0,1,1,0,,463,,118,,0.002578400000061265,0.005320600000004561
B047,proto_sw_2_3,compact,rich,1,100014,0.02,0.01451505,0.403686583,True,True,,0,0,0,0,0.041022201474823466,0.041022201474823466,0,0,0,0,0,0,False,False,1.0068843292848801,0.0,-1.0068843292848801,1.0,0.613541787330971,0.0,-0.613541787330971,1.0,0,0,0.7821151417262646,0.7639466807872871,0.8899715984429849,0.9390662455433362,2,2,4,3,4,4,0,1,2,1,,9281,,1609,,0.002960300000040661,0.021411899999975503
B048,proto_sw_2_3,compact,rich,2,100032,0.02,0.01451505,0.403686583,True,True,,0,0,0,0,0.08527335968485346,0.08527335968485346,0,0,0,0,0,0,False,False,0.39352178046120934,0.0,-0.39352178046120934,1.0,0.2840725108718925,0.0,-0.2840725108718925,1.0,0,0,0.0,0.0,0.8450634769701706,0.995538029919111,2,2,3,2,4,4,1,2,1,0,,1769,,686,,0.001964999999927386,0.00848150000001624
B049,proto_sw_2_3,swept,simple,1,100015,0.02,0.01451505,0.403686583,True,True,,0,0,0,0,0.042244290799769456,0.042244290799769456,0,0,0,0,0,0,False,False,1.3349152749688553,0.04595891140104173,-1.2889563635678136,0.9655716641626458,0.859700491356678,0.04595891140104173,-0.8137415799556363,0.9465407873287187,0,0,0.0,0.0,0.894460033771198,0.9555971475232382,2,2,3,2,4,4,1,2,1,0,,979,,283,,0.0013391000001092834,0.003714899999977206
B050,proto_sw_2_3,swept,simple,2,100022,0.02,0.01451505,0.403686583,True,True,,0,0,0,0,0.03627611368504436,0.03627611368504436,0,0,0,0,0,0,False,False,0.03442508690809723,0.0,-0.03442508690809723,1.0,0.019748671501900072,0.0,-0.019748671501900072,1.0,0,0,0.007948504698771019,0.005240532803385852,0.8556380292700875,0.9951616529686581,2,2,3,2,3,3,1,2,1,0,,7459,,819,,0.0015597999999954482,0.009875699999952303
B051,proto_sw_2_3,swept,medium,1,100001,0.02,0.01451505,0.403686583,True,True,,0,0,0,0,0.042547875835902735,0.042547875835902735,0,0,0,0,0,0,False,False,0.0,0.0,0.0,,0.0,0.0,0.0,,0,0,0.21391932811202916,0.21391932811202916,0.9242740891473079,0.9970516318830768,1,1,2,1,5,5,0,1,1,0,,328,,98,,0.001451500000030137,0.002736400000003414
B052,proto_sw_2_3,swept,medium,2,100009,0.02,0.01451505,0.403686583,True,True,,0,0,0,0,0.03074992055392021,0.04321069901016232,0,0,0,0,0,0,False,False,0.33905659396449844,0.0,-0.33905659396449844,1.0,0.3253870735173852,0.0,-0.3253870735173852,1.0,0,0,0.08953604499358202,0.0,0.9992918909730877,0.9982592389358154,2,2,3,2,4,4,1,2,1,0,,419,,232,,0.004833800000028532,0.005140800000049239
B053,proto_sw_2_3,swept,rich,1,100007,0.02,0.01451505,0.403686583,True,True,,0,0,0,0,0.05986502227349506,0.05986502227349506,0,0,0,0,0,0,False,False,0.4971804282662851,0.013969538871267957,-0.48321088939501716,0.9719024762901849,0.37491613040358013,0.013969538871267957,-0.3609465915323122,0.9627395629624408,0,0,0.09812012370763556,0.09812012370763556,0.9626581879565712,0.9862761582844215,2,2,3,2,4,4,1,2,1,0,,7293,,1475,,0.002219599999989441,0.023929400000042733
B054,proto_sw_2_3,swept,rich,2,100008,0.02,0.01451505,0.403686583,True,True,,0,0,0,0,0.04232689443711376,0.04232689443711376,0,0,0,0,0,0,False,False,1.2922886141177574,0.0,-1.2922886141177574,1.0,0.719844452526503,0.0,-0.719844452526503,1.0,0,0,0.0,0.0,0.9882640567588569,0.9989484824127792,2,2,3,3,4,4,1,1,1,1,,3610,,839,,0.003280399999994188,0.012710900000001857
B055,proto_sw_3_1,expanded,simple,1,100011,0.020067678,0.020761439,0.28288338,True,True,,0,0,0,0,0.11860878089165279,0.11860878089165279,0,0,0,0,0,0,False,False,0.472691788706873,0.0,-0.472691788706873,1.0,0.36325357272931846,0.0,-0.36325357272931846,1.0,0,0,0.0,0.0,0.9962208525057438,0.9183128072612565,1,1,2,1,5,5,0,1,1,0,,176,,97,,0.0014199999999391366,0.0028020999999398555
B056,proto_sw_3_1,expanded,simple,2,100013,0.020067678,0.020761439,0.28288338,True,True,,0,0,0,0,0.05002741254758293,0.05002741254758293,0,0,0,0,0,0,False,False,0.2494592239554178,0.0,-0.2494592239554178,1.0,0.18099683440359807,0.0,-0.18099683440359807,1.0,0,0,0.7733138961952548,0.7733138961952548,0.9429887697983578,0.7889788092149509,1,1,2,1,4,4,0,1,1,0,,306,,64,,0.002080099999943741,0.004066899999997986
B057,proto_sw_3_1,expanded,medium,1,100005,0.020067678,0.020761439,0.28288338,True,True,,0,0,0,0,0.0860212323367477,0.0860212323367477,0,0,0,0,0,0,False,False,0.0,0.0,0.0,,0.0,0.0,0.0,,0,0,0.0,0.0,0.944398598923347,0.8867634481773291,1,1,2,1,5,5,0,1,1,0,,183,,55,,0.0018281000000115455,0.002831000000014683
B058,proto_sw_3_1,expanded,medium,2,100006,0.020067678,0.020761439,0.28288338,True,True,,0,0,0,0,0.06535307696405906,0.06535307696405906,0,0,0,0,0,0,False,False,0.3737231247722515,0.0,-0.3737231247722515,1.0,0.2925035726463629,0.0,-0.2925035726463629,1.0,0,0,0.0,0.0,0.9654932711085941,0.8867634481773291,1,1,2,1,5,5,0,1,1,0,,349,,76,,0.0020612000000710395,0.002895200000011755
B059,proto_sw_3_1,expanded,rich,1,100003,0.020067678,0.020761439,0.28288338,True,True,,0,0,0,0,0.07927173869719015,0.07927173869719015,0,0,0,0,0,0,False,False,0.011075006010157557,0.0,-0.011075006010157557,1.0,0.011075006010157557,0.0,-0.011075006010157557,1.0,0,0,0.0,0.015808725558442743,0.9981405780916303,0.9684633898940157,2,2,4,3,4,4,0,1,2,1,,291,,153,,0.0012430000000449581,0.0029663000000255124
B060,proto_sw_3_1,expanded,rich,2,100019,0.020067678,0.020761439,0.28288338,True,True,,0,0,0,0,0.09497759163302527,0.09497759163302527,0,0,0,0,0,0,False,False,0.5212273025874602,0.0041314982238603295,-0.5170958043635999,0.9920735191664926,0.48935984433357826,0.0041314982238603295,-0.48522834610971793,0.9915573411433325,0,0,0.0,0.0,0.998322012624385,0.8867634481773291,1,1,2,1,5,5,0,1,1,0,,415,,66,,0.001984900000024936,0.0036061000000700005
B061,proto_sw_3_1,compact,simple,1,100001,0.020067678,0.020761439,0.28288338,True,True,,0,0,0,0,0.055758889580059756,0.07353154994897379,0,0,0,0,0,0,False,False,0.27490415140948826,0.0,-0.27490415140948826,1.0,0.27490415140948826,0.0,-0.27490415140948826,1.0,0,0,0.5830972741424143,0.6834953904935059,0.8654631887953005,0.7375840710861897,1,1,2,1,5,5,0,1,1,0,,163,,45,,0.002167399999962072,0.005569300000047406
B062,proto_sw_3_1,compact,simple,2,100066,0.020067678,0.020761439,0.28288338,True,True,,0,0,0,0,0.06192977221255481,0.06192977221255481,0,0,0,0,0,0,False,False,0.22706445841022108,0.0,-0.22706445841022108,1.0,0.09450927673447516,0.0,-0.09450927673447516,1.0,0,0,0.0,0.0,0.7338394451735705,0.5,2,2,4,2,4,4,0,2,2,0,,331,,207,,0.0017404999999826032,0.004018999999971129
B063,proto_sw_3_1,compact,medium,1,100010,0.020067678,0.020761439,0.28288338,True,True,,0,0,0,0,0.08489636619735703,0.08489636619735703,0,0,0,0,0,0,False,False,0.0,0.0,0.0,,0.0,0.0,0.0,,0,0,0.0,0.0,0.7197484934607568,0.7832483532233783,1,1,2,1,5,5,0,1,1,0,,462,,100,,0.0014161999999942054,0.0027287999999998647
B064,proto_sw_3_1,compact,medium,2,100012,0.020067678,0.020761439,0.28288338,True,True,,0,0,0,0,0.05354617634710367,0.05354617634710367,0,0,0,0,0,0,False,False,0.0,0.0,0.0,,0.0,0.0,0.0,,0,0,0.07415400772742552,0.0,0.7290474621837957,0.8942565802689892,2,2,2,2,4,4,2,2,0,0,,580,,267,,0.0012874000000238084,0.0037469000000101005
B065,proto_sw_3_1,compact,rich,1,100004,0.020067678,0.020761439,0.28288338,True,True,,0,0,0,0,0.027678249273976774,0.03365403384873791,0,0,0,0,0,0,False,False,1.9856573307574235,0.0,-1.9856573307574235,1.0,0.5986791343333917,0.0,-0.5986791343333917,1.0,1,0,1.1035382305630255,0.8091874576442898,0.6766796675107107,0.5730471250600682,2,2,4,2,4,4,0,2,2,0,,1316,,315,,0.0027856000000383574,0.004516800000033072
B066,proto_sw_3_1,compact,rich,2,100015,0.020067678,0.020761439,0.28288338,True,True,,0,0,0,0,0.032687222381710596,0.032687222381710596,0,0,0,0,0,0,False,False,1.3228097014356948,0.0,-1.3228097014356948,1.0,0.7898173862463325,0.0,-0.7898173862463325,1.0,0,0,0.0,0.0,0.9603345127220319,0.9480191162672787,2,2,3,2,4,4,1,2,1,0,,757,,281,,0.0017694000000574306,0.005509500000016487
B067,proto_sw_3_1,swept,simple,1,100021,0.020067678,0.020761439,0.28288338,True,True,,0,0,0,0,0.029462983241252433,0.04426158010410501,0,0,0,0,0,0,False,False,0.6117719414198782,0.0,-0.6117719414198782,1.0,0.6117719414198782,0.0,-0.6117719414198782,1.0,1,0,0.4080862345821088,0.4080862345821088,0.5915610341506864,0.9110502018558997,2,2,2,2,4,4,2,2,0,0,,1008,,131,,0.0016117999999778476,0.003700800000046911
B068,proto_sw_3_1,swept,simple,2,100032,0.020067678,0.020761439,0.28288338,True,True,,0,0,0,0,0.08503576169969887,0.08503576169969887,0,0,0,0,0,0,False,False,0.6902288097112634,0.0,-0.6902288097112634,1.0,0.5242109802509082,0.0,-0.5242109802509082,1.0,0,0,0.09790577828824208,0.07815742705838906,0.9150406277953228,0.6946628072257794,2,2,4,2,4,4,0,2,2,0,,338,,192,,0.0018612000000075568,0.005528000000026623
B069,proto_sw_3_1,swept,medium,1,100008,0.020067678,0.020761439,0.28288338,True,True,,0,0,0,0,0.07918038622294454,0.07918038622294454,0,0,0,0,0,0,False,False,0.0,0.0027213855812971595,0.0027213855812971595,,0.0,0.0027213855812971595,0.0027213855812971595,,0,0,0.5346670947710341,0.18779936029692287,0.9929845137255965,0.9032462668297203,2,2,3,2,3,3,1,2,1,0,,360,,169,,0.0035225999999966007,0.003258199999891076
B070,proto_sw_3_1,swept,medium,2,100014,0.020067678,0.020761439,0.28288338,True,True,,0,0,0,0,0.10282638254574303,0.10282638254574303,0,0,0,0,0,0,False,False,0.34197333253409323,0.0,-0.34197333253409323,1.0,0.21164055467211576,0.0,-0.21164055467211576,1.0,0,0,0.14482051176420904,0.0,0.7935286166525911,0.9000423722706047,2,2,4,2,4,4,0,2,2,0,,3688,,663,,0.0017778999999791267,0.015309000000002015
B071,proto_sw_3_1,swept,rich,1,100000,0.020067678,0.020761439,0.28288338,True,True,,0,0,0,0,0.041968422139747656,0.041968422139747656,0,0,0,0,0,0,False,False,2.223172712934458,0.07293432280328263,-2.1502383901311752,0.9671935867245268,0.8714300790047131,0.07202945405527614,-0.799400624949437,0.9173433924411432,0,0,0.04345179325868069,0.0501530639499979,0.9848208382474949,0.9020503361558998,3,3,4,4,4,4,2,2,1,1,,115313,,8351,,0.0029440999999224005,0.10594509999998536
B072,proto_sw_3_1,swept,rich,2,100002,0.020067678,0.020761439,0.28288338,True,True,,0,0,0,0,0.05140925153666568,0.07800609543411349,0,0,0,0,0,0,False,False,0.9120174551551874,0.0,-0.9120174551551874,1.0,0.45025804123510443,0.0,-0.45025804123510443,1.0,0,0,0.0818683683060765,0.0,0.9960345252664549,0.9212784522680242,2,2,4,2,5,5,0,2,2,0,,2899,,745,,0.008268400000019938,0.0083458999999948
B073,proto_sw_3_2,expanded,simple,1,100004,0.021319526,0.037463822,0.492994685,True,True,,0,0,0,0,0.07341168615876009,0.0756391734874254,0,0,0,0,0,0,False,False,0.036169898105338806,0.0,-0.036169898105338806,1.0,0.036169898105338806,0.0,-0.036169898105338806,1.0,0,0,0.0,0.0,0.7661895361852685,0.9995243088049753,2,2,3,2,3,3,1,2,1,0,,110,,73,,0.0008791000000201166,0.0017037999999729436
B074,proto_sw_3_2,expanded,simple,2,100036,0.021319526,0.037463822,0.492994685,True,True,,0,0,0,0,0.03659663846070258,0.06656684819752341,0,0,0,0,0,0,False,False,1.1091922115475146,0.0,-1.1091922115475146,1.0,0.6713596659576729,0.0,-0.6713596659576729,1.0,0,0,0.6435224394387735,0.40293934552763594,0.9988576048079574,0.9921205629985538,2,2,4,2,3,3,0,2,2,0,,1120,,321,,0.00167820000001484,0.005644800000027317
B075,proto_sw_3_2,expanded,medium,1,100008,0.021319526,0.037463822,0.492994685,True,True,,0,0,0,0,0.04017585246185784,0.04017585246185784,0,0,0,0,0,0,False,False,0.26622625703358727,0.0,-0.26622625703358727,1.0,0.26622625703358727,0.0,-0.26622625703358727,1.0,0,0,0.2229820650416759,0.2229820650416759,0.9704860992805494,0.9881771900126378,2,2,2,2,4,4,2,2,0,0,,402,,138,,0.0010574000000360684,0.0037487999999257227
B076,proto_sw_3_2,expanded,medium,2,100014,0.021319526,0.037463822,0.492994685,True,True,,0,0,0,0,0.040138043140669794,0.040138043140669794,0,0,0,0,0,0,False,False,0.19844187763005963,0.0,-0.19844187763005963,1.0,0.19844187763005963,0.0,-0.19844187763005963,1.0,0,0,0.0,0.0,0.853030593094301,0.9110502018558997,2,2,3,2,4,4,1,2,1,0,,464,,172,,0.0012984999999616775,0.0024789999999939027
B077,proto_sw_3_2,expanded,rich,1,100001,0.021319526,0.037463822,0.492994685,True,True,,0,0,0,0,0.05802202299892202,0.05802202299892202,0,0,0,0,0,0,False,False,0.9922869368034027,0.0,-0.9922869368034027,1.0,0.9922869368034027,0.0,-0.9922869368034027,1.0,0,0,0.0,0.0,0.9989719286524821,0.9186531901230552,1,1,2,1,6,6,0,1,1,0,,206,,60,,0.0015256000000363201,0.0029873000000861794
B078,proto_sw_3_2,expanded,rich,2,100013,0.021319526,0.037463822,0.492994685,True,True,,0,0,0,0,0.03960374227674161,0.03960374227674161,0,0,0,0,0,0,False,False,0.4642499520270412,0.0,-0.4642499520270412,1.0,0.2722571557895946,0.0,-0.2722571557895946,1.0,0,0,0.0,0.0,0.9602810189818011,0.9568308932827967,1,1,1,1,6,6,1,1,0,0,,441,,86,,0.002432400000088819,0.0043047999999998865
B079,proto_sw_3_2,compact,simple,1,100003,0.021319526,0.037463822,0.492994685,True,True,,0,0,0,0,0.05029797260010241,0.05029797260010241,0,0,0,0,0,0,False,False,0.10288572712985282,0.0,-0.10288572712985282,1.0,0.10288572712985282,0.0,-0.10288572712985282,1.0,0,0,0.0,0.0,0.9942187141743559,0.9929540562137654,2,2,3,2,3,3,1,2,1,0,,264,,110,,0.001466600000071594,0.0027223999999250736
B080,proto_sw_3_2,compact,simple,2,100011,0.021319526,0.037463822,0.492994685,True,True,,0,0,0,0,0.06687069313669607,0.06687069313669607,0,0,0,0,0,0,False,False,0.48618634318707343,0.0,-0.48618634318707343,1.0,0.48618634318707343,0.0,-0.48618634318707343,1.0,0,0,0.0,0.0,0.9975382660532114,0.9621454897640702,1,1,1,1,4,4,1,1,0,0,,184,,51,,0.00157960000001367,0.0016090000000303917
B081,proto_sw_3_2,compact,medium,1,100006,0.021319526,0.037463822,0.492994685,True,True,,0,0,0,0,0.041549542156570536,0.041549542156570536,0,0,0,0,0,0,False,False,0.0,0.0,0.0,,0.0,0.0,0.0,,0,0,0.10117317229761255,0.10117317229761255,0.9979693038157977,0.9965154421606355,1,1,2,1,5,5,0,1,1,0,,164,,60,,0.0009939000000258602,0.001641400000039539
B082,proto_sw_3_2,compact,medium,2,100018,0.021319526,0.037463822,0.492994685,True,True,,0,0,0,0,0.04363723957748003,0.04363723957748003,0,0,0,0,0,0,False,False,0.15762857612976325,0.0,-0.15762857612976325,1.0,0.15762857612976325,0.0,-0.15762857612976325,1.0,0,0,0.0,0.0,0.9992505638655463,0.9791446780211096,1,1,1,1,5,5,1,1,0,0,,164,,29,,0.0037472000000207117,0.0024848000000474713
B083,proto_sw_3_2,compact,rich,1,100002,0.021319526,0.037463822,0.492994685,True,True,,0,0,0,0,0.06392245269887782,0.06392245269887782,0,0,0,0,0,0,False,False,0.1388960182969597,0.0,-0.1388960182969597,1.0,0.13392793242368412,0.0,-0.13392793242368412,1.0,0,0,0.02143475524210536,0.018825956610616895,0.9791802402355988,0.9999623746009711,2,2,2,2,5,5,2,2,0,0,,1070,,745,,0.003190300000028401,0.0059054000000742235
B084,proto_sw_3_2,compact,rich,2,100005,0.021319526,0.037463822,0.492994685,True,True,,0,0,0,0,0.053142014982784244,0.053142014982784244,0,0,0,0,0,0,False,False,0.08019611842213158,0.0,-0.08019611842213158,1.0,0.08019611842213158,0.0,-0.08019611842213158,1.0,0,0,0.4043117533425939,0.4043117533425939,0.9754780242274864,0.9999323165619649,1,1,1,1,6,6,1,1,0,0,,349,,83,,0.0012532000000646804,0.002123299999993833
B085,proto_sw_3_2,swept,simple,1,100000,0.021319526,0.037463822,0.492994685,True,True,,0,0,0,0,0.05034624773572284,0.05034624773572284,0,0,0,0,0,0,False,False,0.22239923134386264,0.0,-0.22239923134386264,1.0,0.1989806292645667,0.0,-0.1989806292645667,1.0,0,0,0.05430056070384716,0.05430056070384716,0.9980399954255404,0.9374255481852787,2,2,3,2,3,3,1,2,1,0,,354,,141,,0.0009119999999711581,0.001864299999965624
B086,proto_sw_3_2,swept,simple,2,100012,0.021319526,0.037463822,0.492994685,True,True,,0,0,0,0,0.022562337286108746,0.047754945570486755,0,0,0,0,0,0,False,False,1.2831640133407807,0.0,-1.2831640133407807,1.0,0.4641942277438641,0.0,-0.4641942277438641,1.0,1,0,0.1337135656951188,0.1326511033945135,0.9747260076939743,0.9557475589200009,2,2,3,2,3,3,1,2,1,0,,156,,110,,0.0009391999999479594,0.0017659000000094238
B087,proto_sw_3_2,swept,medium,1,100007,0.021319526,0.037463822,0.492994685,True,True,,0,0,0,0,0.047674909357604746,0.047674909357604746,0,0,0,0,0,0,False,False,0.0,0.0,0.0,,0.0,0.0,0.0,,0,0,0.054660618406289774,0.054660618406289774,0.9958974820282972,0.9480191162672787,2,2,3,2,4,4,1,2,1,0,,770,,119,,0.001078300000017407,0.0029031000000259155
B088,proto_sw_3_2,swept,medium,2,100010,0.021319526,0.037463822,0.492994685,True,True,,0,0,0,0,0.048737966127751685,0.048737966127751685,0,0,0,0,0,0,False,False,1.0520929238196208,0.0,-1.0520929238196208,1.0,0.9383272313641471,0.0,-0.9383272313641471,1.0,0,0,0.06293881244093366,0.06293881244093366,0.9056390622295664,0.9965154421606355,1,1,2,1,5,5,0,1,1,0,,202,,36,,0.0009981999999126856,0.0015885000000253058
B089,proto_sw_3_2,swept,rich,1,100009,0.021319526,0.037463822,0.492994685,True,True,,0,0,0,0,0.0452208656519833,0.06191717529259905,0,0,0,0,0,0,False,False,1.5679899980142071,0.260820380645501,-1.3071696173687062,0.8336594104708456,0.9569904538844461,0.16158468281266622,-0.7954057710717799,0.8311532971339575,0,0,0.0,0.0,0.9455900880213092,0.9233922516060268,3,3,4,3,4,4,2,3,1,0,,5199,,1642,,0.0011633000000301763,0.01137380000000121
B090,proto_sw_3_2,swept,rich,2,100015,0.021319526,0.037463822,0.492994685,True,True,,0,0,0,0,0.04990899913803652,0.04990899913803652,0,0,0,0,0,0,False,False,0.35439751423550253,0.0,-0.35439751423550253,1.0,0.2202369886439772,0.0,-0.2202369886439772,1.0,0,0,0.0,0.0,0.9240755025698422,0.9980959532382015,3,3,4,3,4,4,2,3,1,0,,1219,,479,,0.001077099999974962,0.0047522999999500826
