pair_id,preferred_A_B_tie,structural_coherence_A_1to5,structural_coherence_B_1to5,spatial_balance_A_1to5,spatial_balance_B_1to5,hierarchy_readability_A_1to5,hierarchy_readability_B_1to5,overall_quality_A_1to5,overall_quality_B_1to5,notes
B001,,,,,,,,,,
B002,,,,,,,,,,
B003,,,,,,,,,,
B004,,,,,,,,,,
B005,,,,,,,,,,
B006,,,,,,,,,,
B007,,,,,,,,,,
B008,,,,,,,,,,
B009,,,,,,,,,,
B010,,,,,,,,,,
B011,,,,,,,,,,
B012,,,,,,,,,,
B013,,,,,,,,,,
B014,,,,,,,,,,
B015,,,,,,,,,,
B016,,,,,,,,,,
B017,,,,,,,,,,
B018,,,,,,,,,,
B019,,,,,,,,,,
B020,,,,,,,,,,
B021,,,,,,,,,,
B022,,,,,,,,,,
B023,,,,,,,,,,
B024,,,,,,,,,,
B025,,,,,,,,,,
B026,,,,,,,,,,
B027,,,,,,,,,,
B028,,,,,,,,,,
B029,,,,,,,,,,
B030,,,,,,,,,,
B031,,,,,,,,,,
B032,,,,,,,,,,
B033,,,,,,,,,,
B034,,,,,,,,,,
B035,,,,,,,,,,
B036,,,,,,,,,,
B037,,,,,,,,,,
B038,,,,,,,,,,
B039,,,,,,,,,,
B040,,,,,,,,,,
B041,,,,,,,,,,
B042,,,,,,,,,,
B043,,,,,,,,,,
B044,,,,,,,,,,
B045,,,,,,,,,,
B046,,,,,,,,,,
B047,,,,,,,,,,
B048,,,,,,,,,,
B049,,,,,,,,,,
B050,,,,,,,,,,
B051,,,,,,,,,,
B052,,,,,,,,,,
B053,,,,,,,,,,
B054,,,,,,,,,,
B055,,,,,,,,,,
B056,,,,,,,,,,
B057,,,,,,,,,,
B058,,,,,,,,,,
B059,,,,,,,,,,
B060,,,,,,,,,,
B061,,,,,,,,,,
B062,,,,,,,,,,
B063,,,,,,,,,,
B064,,,,,,,,,,
B065,,,,,,,,,,
B066,,,,,,,,,,
B067,,,,,,,,,,
B068,,,,,,,,,,
B069,,,,,,,,,,
B070,,,,,,,,,,
B071,,,,,,,,,,
B072,,,,,,,,,,
B073,,,,,,,,,,
B074,,,,,,,,,,
B075,,,,,,,,,,
B076,,,,,,,,,,
B077,,,,,,,,,,
B078,,,,,,,,,,
B079,,,,,,,,,,
B080,,,,,,,,,,
B081,,,,,,,,,,
B082,,,,,,,,,,
B083,,,,,,,,,,
B084,,,,,,,,,,
B085,,,,,,,,,,
B086,,,,,,,,,,
B087,,,,,,,,,,
B088,,,,,,,,,,
B089,,,,,,,,,,
B090,,,,,,,,,,
